"id","city","cafe","href","status","address","lat","long"
"ect_1","London","Yellow Warbler","https://europeancoffeetrip.com/cafe/yellowwarbler-london/","cafe","9B Northwold Rd, Cazenove,, N16 7HL , London, United Kingdom",51.5632505,-0.0724408
"ect_2","London","Workshop Coffee (Mortimer st.)","https://europeancoffeetrip.com/cafe/workshopcoffeemortimer-london/","cafe","80 Mortimer St, Marylebone, W1W 7SD , London, United Kingdom",51.517544323,0.14245078
"ect_3","London","Workshop Coffee (Marylebone)","https://europeancoffeetrip.com/cafe/workshopcoffeemarylebone-london/","cafe","1 Barrett St, Marylebone, W1U 1DN , London, United Kingdom",51.5152274,-0.1499476
"ect_4","London","Workshop Coffee (Holborn Viaduct)","https://europeancoffeetrip.com/cafe/workshopcoffeeholborn-london/","cafe","60C Holborn Viaduct, EC1A 2FD , London, United Kingdom",51.517127054,0.104287639
"ect_5","London","Workshop Coffee (Clerkenwell)","https://europeancoffeetrip.com/cafe/workshopcoffeeclerkenwell-london/","cafe","27 Clerkenwell Rd,, EC1M 5RN , London, United Kingdom",51.522419838,-0.10237053
"ect_6","London","White Mulberries","https://europeancoffeetrip.com/cafe/whitemulberries-london/","cafe","D3 Ivory House, St Katharine Docks,, E1W 1AT , London, United Kingdom",51.5071992,-0.0712399
"ect_7","London","The Espresso Room","https://europeancoffeetrip.com/cafe/theespressoroom-london/","cafe","31-35 Great Ormond Street, WC1N 3 , London, United Kingdom",51.5219178,-0.1197914
"ect_8","London","The CoffeeWorks Project (Angel)","https://europeancoffeetrip.com/cafe/thecoffeeworksprojectangel-london/","cafe","96-98 High Street Islington, London, UK, N1 8EG , London, United Kingdom",51.53417,-0.104523
"ect_9","London","Second Shot Coffee","https://europeancoffeetrip.com/cafe/secondshotcoffee-london/","cafe","475 Bethnal Green Road, Bethnal Green, E2 9QH , London, United Kingdom",51.5275165,-0.0566018
"ect_10","London","Rapha","https://europeancoffeetrip.com/cafe/rapha-london/","cafe","85 Brewer Street,, W1F 9ZN , London, United Kingdom",51.5107833,-0.1366671
"ect_11","London","Prufrock Coffee","https://europeancoffeetrip.com/cafe/prufrockcoffee-london/","cafe","23-25 Leather Ln, EC1N 7TE , London, United Kingdom",51.5199457,-0.1095372
"ect_12","London","Ozone Coffee Roasters","https://europeancoffeetrip.com/cafe/ozonecoffeeroasters-london/","cafe","11 Leonard St,, EC2A 4AQ , London, United Kingdom",51.5247067,-0.0867314
"ect_13","London","Nude Espresso Roastery","https://europeancoffeetrip.com/cafe/nudeespressoroastery-london/","cafe","26 Hanbury St, E1 6QR, UK , London, United Kingdom",51.520256484,0.072666407
"ect_14","London","Milk","https://europeancoffeetrip.com/cafe/milk-london/","cafe","18-20 Bedford Hill, SW12 9RG , London, United Kingdom",51.4444826,-0.1508225
"ect_15","London","Lyle's","https://europeancoffeetrip.com/cafe/lyles-london/","cafe","56 Shoreditch High St,, E1 6JJ , London, United Kingdom",51.5237238,-0.0762899
"ect_16","London","London Grind","https://europeancoffeetrip.com/cafe/londongrind-london/","cafe","Glaziers Hall, London, UK, SE1 9RA , London, United Kingdom",51.506639,-0.088668
"ect_17","London","Lantana Cafe Fitzrovia","https://europeancoffeetrip.com/cafe/lantanacafefitzrovia-london/","cafe","13 Charlotte Place, Fitzrovia, W1T 1SN , London, United Kingdom",51.518946322,-0.136030912
"ect_18","London","Lanark","https://europeancoffeetrip.com/cafe/lanark-london/","cafe","262 Hackney Rd,, E2 7SJ , London, United Kingdom",51.530944162,-0.069062859
"ect_19","London","Kaffeine","https://europeancoffeetrip.com/cafe/kaffeine-london/","cafe","66 Great Titchfield St, Fitzrovia, W1W 7QJ , London, United Kingdom",51.518445613,-0.140424035
"ect_20","London","Holborn Grind","https://europeancoffeetrip.com/cafe/holborngrind-london/","cafe","199 High Holborn, Holborn, WC1V 7BD , London, United Kingdom",51.517302307,-0.121888965
"ect_21","London","Department of coffee and social affairs Norton Folgate","https://europeancoffeetrip.com/cafe/depofcoffeenortonfolgate-london/","cafe","Broadgate Tower, London, UK, EC2M 3UG , London, United Kingdom",51.521023,-0.079425
"ect_22","London","Department of coffee and social affairs Leather Lane","https://europeancoffeetrip.com/cafe/depofcoffeeleatherlane-london/","cafe","16 Leather Ln, London EC1N 7SU, UK, EC1N 7SU , London, United Kingdom",51.51943,-0.109013
"ect_23","London","Curators Coffee Gallery","https://europeancoffeetrip.com/cafe/CuratorsCoffeeGallery-london/","cafe","51-53 Margaret St, Marylebone, W1W 8SQ , London, United Kingdom",51.516508,-0.141631
"ect_24","London","Climpson and Sons Cafe","https://europeancoffeetrip.com/cafe/ClimpsonandSonsCafe-london/","cafe","67 Broadway Market, London, UK, E8 4PH , London, United Kingdom",51.537452,-0.061291
"ect_25","London","Campbell and Syme","https://europeancoffeetrip.com/cafe/campbellandsyme-london/","cafe","9 Fortis Green, East Finchley, London, N2 9JR, N2 9JR , London, United Kingdom",51.589468,-0.163207
"ect_26","London","Bulldog Edition","https://europeancoffeetrip.com/cafe/bulldogedition-london/","cafe","100 Shoreditch High St, London, UK, E1 6JQ , London, United Kingdom",51.525417,-0.077285
"ect_27","London","Brooklyn Coffee","https://europeancoffeetrip.com/cafe/brooklyncoffee-london/","cafe","139 Commercial St, London, UK, E1 6EB , London, United Kingdom",51.520874,-0.075263
"ect_28","London","Attendant (Fitzrovia)","https://europeancoffeetrip.com/cafe/attendantfitzrovia-london/","cafe","27a Foley Street London, UK, W1W 6DY , London, United Kingdom",51.519277,-0.140689
"ect_29","London","Association","https://europeancoffeetrip.com/cafe/association-london/","cafe","8 Creechurch Ln, London, UK, EC3A 5AY , London, United Kingdom",51.513637,-0.079139
"ect_31","London","Allpress Espresso Bar","https://europeancoffeetrip.com/cafe/Allpressespressobar-London/","cafe","58 Redchurch St, Shoreditch, UK, E2 7DP , London, United Kingdom",51.524389,-0.074343
"ect_32","London","119 Lower Clapton","https://europeancoffeetrip.com/cafe/119lowerclapton-london/","cafe","119 Lower Clapton Rd, E5 0NP , London, United Kingdom",51.552406,-0.05284
"ect_33","London","46b Espresso Hut","https://europeancoffeetrip.com/cafe/46bespressohut-London/","cafe","Brooksby's Walk, London, UK, E9 6DF , London, United Kingdom",51.550287,-0.04293
"ect_34","London","56 St James","https://europeancoffeetrip.com/cafe/56stjames-london/","cafe","56 St James St, Walthamstow, London, UK, E17 7PE , London, United Kingdom",51.579696,-0.032406
"ect_35","London","Antipode","https://europeancoffeetrip.com/cafe/Antipode-London/","cafe","28 Fulham Palace Rd, London, UK, W6 9PH , London, United Kingdom",51.491013,-0.223938
"ect_36","London","Artisan Coffee School","https://europeancoffeetrip.com/cafe/Artisancoffeeschool-london/","cafe","32 New Broadway, London, UK, W5 2XA , London, United Kingdom",51.513138,-0.306693
"ect_37","London","Artisan - East Sheen","https://europeancoffeetrip.com/cafe/Artisaneastsheen-london/","cafe","139 Sheen Lane, East Sheen, London, UK, SW14 8LR , London, United Kingdom",51.464637,-0.266315
"ect_38","London","Artisan Putney","https://europeancoffeetrip.com/cafe/Artisanputney-london/","cafe","203 Upper Richmond Road Putney, London, UK, SW15 6SG , London, United Kingdom",51.4612247,-0.2194537
"ect_39","London","Artisan Stamford Brook","https://europeancoffeetrip.com/cafe/ArtisanStamfordBrook-london/","cafe","372 King Street, Stamford Brook, London, UK, W6 0RX , London, United Kingdom",51.49352,-0.244896
"ect_40","London","Bake Street","https://europeancoffeetrip.com/cafe/Bakestreet-london/","cafe","58 Evering Rd, London, UK, N16 7SR , London, United Kingdom",51.55871,-0.066648
"ect_41","London","Beagle","https://europeancoffeetrip.com/cafe/Beagle-london/","cafe","397-400 Geffrye St, London, UK, E2 8HZ , London, United Kingdom",51.530927,-0.075842
"ect_42","London","Beanberry Coffee Company","https://europeancoffeetrip.com/cafe/Beanberrycoffeecompany-london/","cafe","30 Fife Rd, Kingston upon Thames, UK, KT1 1SZ , London, United Kingdom",51.411619,-0.303202
"ect_43","London","Beany Green Little Venice","https://europeancoffeetrip.com/cafe/BeanyGreenLittleVenice-london/","cafe","Unit 6C, Sheldon Square, Paddington, London, UK, W2 6EZ , London, United Kingdom",51.519879,-0.180051
"ect_46","London","Black Swan Yard","https://europeancoffeetrip.com/cafe/Blackswanyard-london/","cafe","37 Bermondsey St, London, UK, SE13XF , London, United Kingdom",51.502457,-0.082482
"ect_47","London","blend café - Notting Hill","https://europeancoffeetrip.com/cafe/blendcafenottinghill-london/","cafe","190 Westbourne Grove, London, UK, W11 2RH , London, United Kingdom",51.514615,-0.199835
"ect_48","London","Brickwood Coffee and Bread","https://europeancoffeetrip.com/cafe/BrickwoodCoffeeandBread-london/","cafe","16 Clapham Common South Side, London, Great Britain, SW4 7AB , London, United Kingdom",51.46122,-0.138405
"ect_49","London","Brill","https://europeancoffeetrip.com/cafe/Brill-london/","cafe","27 Exmouth Market, Clerkenwell, London, United Kingdom, EC1R 4QL , London, United Kingdom",51.525819,-0.109485
"ect_50","London","Brown&Rosie","https://europeancoffeetrip.com/cafe/Brownandrosie-london/","cafe","Mary Macaulay Centre, 10 Exhibition Rd, Kensington, London, UK, SW7 2HF , London, United Kingdom",51.495081,-0.173283
"ect_51","London","Browns of Brockley","https://europeancoffeetrip.com/cafe/Brownsofbrockley-london/","cafe","5 Coulgate St, Brockley, London, UK, SE4 2RW , London, United Kingdom",51.464405,-0.036984
"ect_52","London","Brunswick East","https://europeancoffeetrip.com/cafe/BrunswickEast-london/","cafe","STAMFORD WORKS, Gillett St, London, UK, N16 8JH , London, United Kingdom",51.54915,-0.076784
"ect_53","London","Cable Co.","https://europeancoffeetrip.com/cafe/Cableco-london/","cafe","Bridge House, Chamberlayne Rd, London, UK, NW10 3NR , London, United Kingdom",51.534805,-0.219445
"ect_54","London","Catalyst","https://europeancoffeetrip.com/cafe/catalyst-london/","cafe","48 Grays Inn Rd, London, UK, WC1X 8LT , London, United Kingdom",51.519783,-0.11202
"ect_55","London","Buhler and Co","https://europeancoffeetrip.com/cafe/BuhlerandCo-london/","cafe","8 Chingford Rd, Walthamstow, London, UK, E17 4PJ , London, United Kingdom",51.590581,-0.017133
"ect_56","London","Coffee CIrcus","https://europeancoffeetrip.com/cafe/Coffeecircus-london/","cafe","136 Crouch Hill, London, UK, N8 9DX , London, United Kingdom",51.577916,-0.123459
"ect_57","London","Coffeeology","https://europeancoffeetrip.com/cafe/Coffeeology-london/","cafe","4A The Square, Richmond, UK, TW9 1DZ , London, United Kingdom",51.461319,-0.302623
"ect_58","London","Dark Arts Coffee","https://europeancoffeetrip.com/cafe/DarkArtsCoffee-London/","cafe","216, 27A Ponsford St, London, UK, E9 6JU , London, United Kingdom",51.547267,-0.047222
"ect_59","London","Chairs and Coffee","https://europeancoffeetrip.com/cafe/chairsandcoffee-london/","cafe","Fulham Dental Laboratory, 514 Fulham Rd, Fulham, London, UK, SW6 5NJ , London, United Kingdom",51.479728,-0.199056
"ect_60","London","Coleman Coffee Roasters","https://europeancoffeetrip.com/cafe/Colemancoffeeroasters-london/","cafe","20 Lower Marsh, Lambeth, London, UK, SE1 7RJ, , London, United Kingdom",51.500655,-0.112968
"ect_61","London","Chatsworth Launderette","https://europeancoffeetrip.com/cafe/ChatsworthLaunderette-london/","cafe","Chatsworth Launderette, 92 Chatsworth Rd, London, UK, E5 0LS , London, United Kingdom",51.554228,-0.044849
"ect_62","London","77","https://europeancoffeetrip.com/cafe/77-london/","cafe","77 Shacklewell Ln, London, UK, E8 2EB , London, United Kingdom",51.553119,-0.070014
"ect_63","London","Chief Coffee","https://europeancoffeetrip.com/cafe/chiefcoffee-london/","cafe","Turnham Green Terrace Mews, Chiswick, London, UK, W4 1QU , London, United Kingdom",51.493965,-0.254819
"ect_64","London","Caravan Coffee Roasters","https://europeancoffeetrip.com/cafe/Caravancoffeeroasters-london/","cafe","Unit 2 Granary Building, Granary Square, Kings Cross, London, UK, N1C 4AA, , London, United Kingdom",51.535784,-0.125291
"ect_65","London","Brixton blend","https://europeancoffeetrip.com/cafe/brixtonblend-london/","cafe","8 Tunstall Rd, Brixton, London, UK, SW9 8BN , London, United Kingdom",51.462768,-0.115651
"ect_66","London","Attendant","https://europeancoffeetrip.com/cafe/Attendant-london/","cafe","74 Great Eastern St, London, UK, EC2A , London, United Kingdom",51.525669,-0.082509
"ect_67","Brighton","Taylor St. Baristas","https://europeancoffeetrip.com/cafe/taylorstbaristas-brighton/","cafe","28 Queens Rd. Brighton, BN1 3XA, United Kingdom, Brighton, United Kingdom",0,0
"ect_68","Brighton","Small Batch Coffee Roasters","https://europeancoffeetrip.com/cafe/smallbatchcoffee-brighton/","cafe","17 Jubilee Street, BN1 1GE , Brighton, United Kingdom",50.824358496,-0.138774812
"ect_69","Brighton","Coffee @ 33","https://europeancoffeetrip.com/cafe/coffeeat33-brighton/","cafe","33 Trafalgar Street, BN1 4ED , Brighton, United Kingdom",50.82830532,-0.138934404
"ect_70","Brighton","BOND ST. COFFEE","https://europeancoffeetrip.com/cafe/Bondstcoffee-brighton/","cafe","15 Bond St, Brighton, United Kingdom, BN1 1RD , Brighton, United Kingdom",50.824009,-0.140258
"ect_71","Brighton","Pelicano","https://europeancoffeetrip.com/cafe/pelicano-brighton/","cafe","28 Sydney St,, BN1 4EP , Brighton, United Kingdom",50.8278083,-0.1375013
"ect_72","Brighton","Mr.Wolfe","https://europeancoffeetrip.com/cafe/mrwolfe-brighton/","cafe","15 Montpelier Pl,, BN1 3BF , Brighton, United Kingdom",50.8266301,-0.1534292
"ect_73","Brighton","Marwood","https://europeancoffeetrip.com/cafe/marwood-brighton/","cafe","51 Ship Street, BN1 1AF , Brighton, United Kingdom",50.822482388,-0.141511336
"ect_74","Brighton","Marmalade","https://europeancoffeetrip.com/cafe/marmalade-brighton/","cafe","237 Eastern Rd, BN2 5JJ , Brighton, United Kingdom",50.817379791,-0.111606717
"ect_75","Brighton","Ground Coffee House","https://europeancoffeetrip.com/cafe/groundcoffeehouse-brighton/","cafe","34-36 St George's Rd, BN2 1ED , Brighton, United Kingdom",50.818585486,-0.121335089
"ect_76","Edinburgh","Lowdown Coffee","https://europeancoffeetrip.com/cafe/lowdowncoffee-edinburgh/","cafe","38A George St, EH2 2LE , Edinburgh, United Kingdom",55.953297,-3.197848
"ect_77","Edinburgh","Fortitude Coffee","https://europeancoffeetrip.com/cafe/fortitudecoffee-edinburgh/","cafe","3C York Pl, EH1 3EB , Edinburgh, United Kingdom",55.95577,-3.192494
"ect_78","Edinburgh","Filament Coffee","https://europeancoffeetrip.com/cafe/filamentcoffee-edinburgh/","cafe","38 Clerk St, EH8 9HX , Edinburgh, United Kingdom",55.942517,-3.182279
"ect_79","Edinburgh","Cult Espresso","https://europeancoffeetrip.com/cafe/cultespresso-edinburgh/","cafe","100 Buccleuch St, EH8 9NQ , Edinburgh, United Kingdom",55.9415628,-3.1837443
"ect_80","Edinburgh","Cairngorm Coffee","https://europeancoffeetrip.com/cafe/cairngormcoffee-Edinburgh/","cafe","1 Melville St, EH3 7PR , Edinburgh, United Kingdom",55.951208,-3.211036
"ect_81","Edinburgh","Brew Lab Coffee","https://europeancoffeetrip.com/cafe/brewlabcoffee-edinburgh/","cafe","6-8 S College St, EH8 9AA , Edinburgh, United Kingdom",55.947019,-3.186617
"ect_82","Edinburgh","Artisan Roast","https://europeancoffeetrip.com/cafe/artisanroast-edinburgh/","cafe","57 Broughton St, EH1 3RJ , Edinburgh, United Kingdom",55.957905,-3.188894
"ect_83","Edinburgh","The Milkman","https://europeancoffeetrip.com/cafe/themilkman-edinburgh/","cafe","Toddle In, 7 Cockburn St, EH1 1BP , Edinburgh, United Kingdom",55.950684,-3.190962
"ect_85","Bristol","Tradewind Espresso","https://europeancoffeetrip.com/cafe/tradewindespresso-bristol/","cafe","118 Whiteladies Rd,, BS8 2RP , Bristol, United Kingdom",51.4685316,-2.6138589
"ect_86","Bristol","Small Street Espresso","https://europeancoffeetrip.com/cafe/smallstreetespresso-bristol/","cafe","23 Small St, Bristol BS1 1DW, United Kingdom, Bristol, United Kingdom",0,0
"ect_87","Bristol","Playground Coffee House","https://europeancoffeetrip.com/cafe/playgroundcoffeehouse-bristol/","cafe","45 St Nicholas St, Bristol BS1 1TP, United Kingdom, Bristol, United Kingdom",0,0
"ect_88","Bristol","Full Court Press","https://europeancoffeetrip.com/cafe/fullcourtpress-bristol/","cafe","59 Broad St, BS1 2EJ , Bristol, United Kingdom",51.455171025,-2.593257576
"ect_89","Bristol","Department of Coffee and Social Affairs","https://europeancoffeetrip.com/cafe/depofcoffee-bristol/","cafe","3 Quakers Friars, Cabot Circus, BS1 3BU , Bristol, United Kingdom",51.457673812,-2.587937415
"ect_90","Berlin","Happy Baristas","https://europeancoffeetrip.com/cafe/happybaristas-berlin/","cafe","Neue Bahnhofstr. 32, 10245 , Berlin, Germany",52.5052545,13.4690555
"ect_91","Berlin","Bonanza Coffee (Oderberger straße)","https://europeancoffeetrip.com/cafe/bonanzacoffeeoderberger-berlin/","cafe","Oderberger Strasse 35, 10435 , Berlin, Germany",52.5399725,13.4054191
"ect_92","Berlin","Westberlin bar&shop","https://europeancoffeetrip.com/cafe/westberlin-berlin/","cafe","Friedrichstrasse 215,, 10969 , Berlin, Germany",52.505673,13.3904663
"ect_93","Berlin","The Visit Coffee Roastery","https://europeancoffeetrip.com/cafe/thevisitcoffeeroastery-berlin/","cafe","Adalbertstraße 9,, 10999 , Berlin, Germany",52.5007692,13.4190997
"ect_94","Berlin","The Barn Roastery","https://europeancoffeetrip.com/cafe/thebarncoffeeroasters-berlin/","cafe","Schönhauser Allee 183, 10119 , Berlin, Germany",52.529942,13.410667
"ect_95","Berlin","Silo Coffee","https://europeancoffeetrip.com/cafe/silocoffee-berlin/","cafe","Gabriel-Max-Straße 4,, 10245 , Berlin, Germany",52.510068585,13.458289504
"ect_96","Berlin","Röststätte Berlin","https://europeancoffeetrip.com/cafe/roststatte-berlin/","cafe","Torstraße 154, 10115 , Berlin, Germany",52.529031,13.397389
"ect_97","Berlin","Populus Coffee","https://europeancoffeetrip.com/cafe/populuscoffee-berlin/","cafe","Maybachufer 20,, 12045 , Berlin, Germany",52.49369,13.42704
"ect_98","Berlin","NO FIRE NO GLORY","https://europeancoffeetrip.com/cafe/nofirenoglory-berlin/","cafe","Rykestraße 45,, 10405 , Berlin, Germany",52.536663779,13.42040062
"ect_99","Berlin","Nano Kaffee","https://europeancoffeetrip.com/cafe/nanokaffee-berlin/","cafe","Dresdener Str. 15,, 10999 , Berlin, Germany",52.500999,13.417177
"ect_100","Berlin","Kaschk","https://europeancoffeetrip.com/cafe/kaschk-berlin/","cafe","Linienstrasse 40,, 10119 , Berlin, Germany",52.528325393,13.410016447
"ect_101","Berlin","Isla Coffee Berlin","https://europeancoffeetrip.com/cafe/islacoffee-berlin/","cafe","Hermannstraße 37,, 12049 , Berlin, Germany",52.48032,13.42479
"ect_102","Berlin","Home Cafe","https://europeancoffeetrip.com/cafe/homecafe-berlin/","cafe","Jonasstraße 23, 12053 , Berlin, Germany",52.4714948,13.433461636
"ect_103","Berlin","Five Elephant Coffee & Cake","https://europeancoffeetrip.com/cafe/fiveelephantcoffeeandcake-berlin/","cafe","Reichenbergerstrasse 101, 10999 , Berlin, Germany",52.49347,13.43837
"ect_104","Berlin","Fine Bagels","https://europeancoffeetrip.com/cafe/finebagels-berlin/","cafe","Warschauer Str. 74, Berlin, 10243 , Berlin, Germany",52.512839,13.453148
"ect_105","Berlin","Concierge Coffee","https://europeancoffeetrip.com/cafe/conciergecoffee-berlin/","cafe","Paul Lincke Ufer 39/40 Hof Einfahrt, 10999 , Berlin, Germany",52.49623,13.4221
"ect_106","Berlin","Companion Coffee","https://europeancoffeetrip.com/cafe/companioncoffee-berlin/","cafe","Oranien Str. 24, 10999 , Berlin, Germany",52.5011611,13.421166
"ect_107","Berlin","Coffee Profilers","https://europeancoffeetrip.com/cafe/coffeeprofilers-berlin/","cafe","Karl-Marx Allee 136, 10243 , Berlin, Germany",52.515760574,13.4514606
"ect_108","Berlin","Chapter One Coffee Berlin","https://europeancoffeetrip.com/cafe/chapteronecoffee-berlin/","cafe","Mittenwalderstrasse 30, 10961 , Berlin, Germany",52.489787228,13.395686746
"ect_109","Berlin","Camon","https://europeancoffeetrip.com/cafe/camon-berlin/","cafe","Sonnenallee 27, 12047 , Berlin, Germany",52.48665,13.42953
"ect_110","Berlin","Bonanza Coffee","https://europeancoffeetrip.com/cafe/bonanzacoffeeadalbertstrasse-berlin/","cafe","Adalbertstraße 70, 10999 , Berlin, Germany",52.503508,13.4208949
"ect_111","Berlin","19grams Chaussee","https://europeancoffeetrip.com/cafe/19gramschaussee-berlin/","cafe","Chausseestraße 36, 10115 , Berlin, Germany",52.53335,13.38026
"ect_112","Berlin","Five Elephant Mitte","https://europeancoffeetrip.com/cafe/fiveelephantmitte-berlin/","cafe","Alte Schönhauser Str. 14, 10119 , Berlin, Germany",52.526789,13.40752
"ect_113","Berlin","Ivy Berlin","https://europeancoffeetrip.com/cafe/ivyberlin-berlin/","cafe","Weserstraße 44, 12045 , Berlin, Germany",52.484664,13.438048
"ect_114","Berlin","No58 Speiserei","https://europeancoffeetrip.com/cafe/no58speiserei-berlin/","cafe","Weisestraße 58, 12049 , Berlin, Germany",52.47851,13.42392
"ect_115","Berlin","WiM kaffee","https://europeancoffeetrip.com/cafe/wimkaffee-berlin/","cafe","Rhinower Str. 1,, 10437 , Berlin, Germany",52.54781,13.41017
"ect_116","Berlin","Two Planets","https://europeancoffeetrip.com/cafe/twoplanets-berlin/","cafe","Hermannstraße 230,, 12049 , Berlin, Germany",52.48136,13.42531
"ect_117","Berlin","Spontan: Coffee & Stuff","https://europeancoffeetrip.com/cafe/spontan-berlin/","cafe","Gotzkowskystraße 29,, 10555 , Berlin, Germany",52.5252243,13.3303953
"ect_118","Berlin","Refugio Cafe","https://europeancoffeetrip.com/cafe/refugiocafe-berlin/","cafe","Lenaustraße 4,, 12047 , Berlin, Germany",52.4898789,13.4249936
"ect_119","Berlin","Pola Cafe","https://europeancoffeetrip.com/cafe/polacafekreuzberg-berlin/","cafe","Köpenicker Straße 10, Kreuzberg, 10997 , Berlin, Germany",52.5034216,13.4381076
"ect_120","Berlin","Nothaft Seidel Cafe","https://europeancoffeetrip.com/cafe/nothaftcafe-berlin/","cafe","Schönhauser Allee 43A,, 10435 , Berlin, Germany",52.540251016,13.412524648
"ect_121","Berlin","Fenster Coffee","https://europeancoffeetrip.com/cafe/fenstercoffee-berlin/","cafe","Falckenstein Strasse 5, 10997 , Berlin, Germany",52.49974,13.44318
"ect_122","Berlin","Father Carpenter","https://europeancoffeetrip.com/cafe/fathercarpenter-berlin/","cafe","Muenzstrasse 21, 10178 , Berlin, Germany",52.5247523,13.4066275
"ect_123","Berlin","Cafe Kranzler","https://europeancoffeetrip.com/cafe/cafekranzler-berlin/","cafe","Kurfürstendamm 18, 10719 , Berlin, Germany",52.5038616,13.3308183
"ect_124","Berlin","Café Kraft","https://europeancoffeetrip.com/cafe/cafekraft-berlin/","cafe","Schivelbeiner Straße 23, 10439 , Berlin, Germany",52.551198527,13.404017687
"ect_125","Berlin","Café bRICK","https://europeancoffeetrip.com/cafe/cafebrick-berlin/","cafe","Lenaustrasse 1, 12047 , Berlin, Germany",52.48989,13.42473
"ect_126","Berlin","Cafe 9","https://europeancoffeetrip.com/cafe/cafe9-berlin/","cafe","Eisenbahnstr. 43, 10997 , Berlin, Germany",52.501685148,13.431885839
"ect_127","Berlin","Ben Rahim","https://europeancoffeetrip.com/cafe/benrahim-berlin/","cafe","Sophienstr 7, 10178 , Berlin, Germany",52.5251919,13.4019992
"ect_128","Berlin","Aunt Benny","https://europeancoffeetrip.com/cafe/auntbenny-berlin/","cafe","Oderstrasse 7, 10247 , Berlin, Germany",52.510319,13.4711902
"ect_129","Frankfurt","Kaffeewerk Espressionist","https://europeancoffeetrip.com/cafe/kaffeewerkespressionist-frankfurt/","cafe","Friedrich-Ebert-Anlage 35-37, 60327 , Frankfurt, Germany",50.1110822,8.6559151
"ect_130","Frankfurt","oheim","https://europeancoffeetrip.com/cafe/oheim-frankfurt/","cafe","Oppenheimer Landstraße 48, 60596 , Frankfurt, Germany",50.100225539,8.680095077
"ect_131","Frankfurt","Hoppenworth & Ploch Campus","https://europeancoffeetrip.com/cafe/hoppenworthundploch-frankfurt/","cafe","Siolistrasse 7, 60323 , Frankfurt, Germany",50.128983561,8.666442633
"ect_132","Frankfurt","Aniis","https://europeancoffeetrip.com/cafe/aniis-frankfurt/","cafe","Hanauer Landstraße 82, 60314 , Frankfurt, Germany",50.1117459,8.7040693
"ect_133","Frankfurt","Hoppenworth & Ploch Roastery","https://europeancoffeetrip.com/cafe/hoppenworthundploch2-frankfurt/","cafe","Friedberger Landstraße 86, 60316 , Frankfurt, Germany",50.1248079,8.6920698
"ect_134","Frankfurt","Brühmarkt","https://europeancoffeetrip.com/cafe/bruhmarkt-frankfurt/","cafe","Leipziger Str. 1, 60487 , Frankfurt, Germany",50.120337331,8.649696261
"ect_135","Frankfurt","Bunca","https://europeancoffeetrip.com/cafe/bunca-frankfurt/","cafe","Kirchnerstraße 4, 60311 , Frankfurt, Germany",50.1111403,8.675329
"ect_136","Frankfurt","The Holy Cross Brewing Society","https://europeancoffeetrip.com/cafe/theholycrossbrewingsociety-frankfurt/","cafe","Fahrgasse 7, 60311 , Frankfurt, Germany",50.110133699,8.687240481
"ect_137","Frankfurt","The Espresso Bar","https://europeancoffeetrip.com/cafe/thespressobar-frankfurt/","cafe","Schafergasse 42-44, 60313 , Frankfurt, Germany",50.116586362,8.685357571
"ect_138","Cologne","Kaffeesapiens","https://europeancoffeetrip.com/cafe/kaffeesapiens-cologne/","cafe","Charles-de-Gaulle-Platz 1, 5067 , Cologne, Germany",50.942684854,6.972096562
"ect_139","Cologne","Van Dyck","https://europeancoffeetrip.com/cafe/vandyck-cologne/","cafe","Schanzenstraße 36, 51063 , Cologne, Germany",50.9684236,7.0154936
"ect_140","Cologne","Van Dyck","https://europeancoffeetrip.com/cafe/vandyck2-cologne/","cafe","Körnerstraße 43, 50823 , Cologne, Germany",50.9492294,6.9225709
"ect_141","Cologne","Kaffebud","https://europeancoffeetrip.com/cafe/kaffebud-cologne/","cafe","Glasstraße 62, 50823 , Cologne, Germany",50.95154,6.9226737
"ect_142","Cologne","Schamong","https://europeancoffeetrip.com/cafe/schamong-cologne/","cafe","Venloer Straße 535, 50825 , Cologne, Germany",50.955862021,6.905261278
"ect_143","Cologne","Heilandt Kaffeemanufaktur","https://europeancoffeetrip.com/cafe/heilandt-cologne/","cafe","Bismarckstraße 41, 50672 , Cologne, Germany",50.94081,6.9345034
"ect_144","Cologne","Hommage","https://europeancoffeetrip.com/cafe/hommage-cologne/","cafe","Friesenstraße 73, 50670 , Cologne, Germany",50.9405953,6.941789
"ect_145","Cologne","Wndrfuel","https://europeancoffeetrip.com/cafe/wndrfuel-cologne/","cafe","Zülpicherstr. 30, 50674 , Cologne, Germany",50.929547,6.937614
"ect_146","Cologne","The Coffee Gang","https://europeancoffeetrip.com/cafe/thecoffeegang-cologne/","cafe","Hohenstaufenring 19, 50674 , Cologne, Germany",50.9302231,6.9407584
"ect_147","Hamburg","Milch","https://europeancoffeetrip.com/cafe/milch-hamburg/","cafe","Ditmar-Koel-Strasse 22, 20459 , Hamburg, Germany",53.54595428,9.974614978
"ect_148","Hamburg","Elbgold Cafe","https://europeancoffeetrip.com/cafe/elbgold-hamburg/","cafe","Lagerstrasse 34c, 20357 , Hamburg, Germany",53.563209039,9.967131615
"ect_149","Hamburg","Playground Coffee","https://europeancoffeetrip.com/cafe/playgroundcoffee-hamburg/","cafe","Grindelhof 33, 20146 , Hamburg, Germany",53.5687156,9.9828318
"ect_150","Hamburg","Stockholm Espresso Club","https://europeancoffeetrip.com/cafe/stockholmespressoclub-hamburg/","cafe","Peter-Marquard Str 8, 22303 , Hamburg, Germany",53.582767285,10.011897683
"ect_151","Hamburg","The coffee shop","https://europeancoffeetrip.com/cafe/thecoffeeshop-hamburg/","cafe","Poststraße 6a, 20354 , Hamburg, Germany",53.552507,9.9910633
"ect_152","Hamburg","Public Coffee Roasters","https://europeancoffeetrip.com/cafe/publiccoffeeroasters-hamburg/","cafe","Wexstraße 28, 20355 , Hamburg, Germany",53.5513791,9.9825302
"ect_153","Hamburg","less political","https://europeancoffeetrip.com/cafe/lesspolitical-hamburg/","cafe","Sternstraße 68, 20357 , Hamburg, Germany",53.559713722,9.967276454
"ect_154","Hamburg","Playground Coffee Sankt Pauli","https://europeancoffeetrip.com/cafe/playgroundcoffee-sanktpauli-hamburg/","cafe","Detlev-Bremer-Straße 21, 20359 , Hamburg, Germany",53.551671,9.9653847
"ect_155","Prague","onesip coffee","https://europeancoffeetrip.com/cafe/onesipcoffee-prague/","cafe","Hastalska 755/15, 110 00 , Prague, Czech Republic",50.0912818,14.4253929
"ect_156","Prague","Original Coffee","https://europeancoffeetrip.com/cafe/originalcoffee-prague/","cafe","Betlémská 12, 110 00 , Prague, Czech Republic",50.083771352,14.416476488
"ect_157","Prague","Muj salek kavy","https://europeancoffeetrip.com/cafe/mujsalekkavy/","cafe","Křižíkova 105, 186 00 , Prague, Czech Republic",50.0935079,14.4551068
"ect_158","Prague","Monolok","https://europeancoffeetrip.com/cafe/monolok-prague/","cafe","Moravská 1540/18, 120 00 , Prague, Czech Republic",50.07425453,14.443006217
"ect_159","Prague","Misto","https://europeancoffeetrip.com/cafe/misto-prague/","cafe","Bubenečská 284/12, 160 00 , Prague, Czech Republic",50.099014296,14.404462874
"ect_160","Prague","La Bohéme Café","https://europeancoffeetrip.com/cafe/labohemecafe-prague/","cafe","Sazavska 32, 120 00 , Prague, Czech Republic",50.076766,14.4408464
"ect_161","Prague","Kavárna Pražírna","https://europeancoffeetrip.com/cafe/kavarnaprazirna-prague/","cafe","Lublaňská 676/50, 120 00 , Prague, Czech Republic",50.07490006,14.431228638
"ect_162","Prague","EMA espresso bar","https://europeancoffeetrip.com/cafe/emaespressobar-prague/","cafe","Na Florenci 3, 110 00 , Prague, Czech Republic",50.0889339,14.4334147
"ect_163","Prague","Dos Mundos Cafe","https://europeancoffeetrip.com/cafe/dosmundoscafe-prague/","cafe","M. Horákové 600/38, 170 00 , Prague, Czech Republic",50.0999146,14.4279163
"ect_164","Prague","Coffee Room.","https://europeancoffeetrip.com/cafe/coffeeroom-prague/","cafe","Korunní 1208/74, 101 00 , Prague, Czech Republic",50.075215076,14.451213777
"ect_165","Prague","Alchymista","https://europeancoffeetrip.com/cafe/alchymista-prague/","cafe","Jana Zajíce 007, 170 00 , Prague, Czech Republic",50.1008506,14.4173689
"ect_166","Prague","Bitcoin Coffee","https://europeancoffeetrip.com/cafe/bitcoincoffee-prague/","cafe","Dělnická 475/43, 170 00 , Prague, Czech Republic",50.103401466,14.450551271
"ect_167","Prague","I need Coffee","https://europeancoffeetrip.com/cafe/ineedcoffee-prague/","cafe","Na Moráni 7, 120 00 , Prague, Czech Republic",50.073605548,14.416240454
"ect_168","Prague","Eska","https://europeancoffeetrip.com/cafe/eska-prague/","cafe","Pernerova 49, 186 00 , Prague, Czech Republic",50.091402034,14.454622865
"ect_169","Prague","Double B coffee & tea","https://europeancoffeetrip.com/cafe/doubleb-prague/","cafe","Anglická 15, 120 00 , Prague, Czech Republic",50.076749672,14.433373064
"ect_170","Prague","Café Jen","https://europeancoffeetrip.com/cafe/cafejen-prague/","cafe","Kodaňská 37, 10100 , Prague, Czech Republic",50.0714334,14.4559542
"ect_171","Prague","Dos Mundos","https://europeancoffeetrip.com/cafe/dosmundos-prague/","cafe","Korunní 31, Prague , Prague, Czech Republic",50.0755261,14.4429753
"ect_173","Prague","Café Lounge","https://europeancoffeetrip.com/cafe/cafelounge-prague/","cafe","Plaská 615/8, 150 00 , Prague, Czech Republic",50.08067502,14.40567255
"ect_174","Prague","Brewbar","https://europeancoffeetrip.com/cafe/Brewbar-prague/","cafe","Rašínovo Nábřeží, Náplavka, 12000 , Prague, Czech Republic",50.070181,14.414162
"ect_175","Prague","Kafe Karlin","https://europeancoffeetrip.com/cafe/kafekarlin-prague/","cafe","Sokolovská 46/51, 186 00 , Prague, Czech Republic",50.092895675,14.445793033
"ect_176","Prague","Coffee House Prague","https://europeancoffeetrip.com/cafe/coffeehouse-prague/","cafe","Francouzská 100/312, 10100 , Prague, Czech Republic",50.0718189,14.4488101
"ect_177","Prague","Super Tramp Coffee","https://europeancoffeetrip.com/cafe/supertrampcoffee-prague/","cafe","Opatovická 158/20, 11000 , Prague, Czech Republic",50.079547624,14.418619573
"ect_178","Prague","Barry Higel´s Coffeehouse","https://europeancoffeetrip.com/cafe/barryhigels-prague/","cafe","Tusarova 25, 170 00 , Prague, Czech Republic",50.101992454,14.448274076
"ect_179","Prague","Kafe Kolej","https://europeancoffeetrip.com/cafe/kafekolej-prague/","cafe","Nádražní 279/1, 150 00 , Prague, Czech Republic",50.061226727,14.408982396
"ect_180","Prague","Sólista Espresso Bar","https://europeancoffeetrip.com/cafe/solistaespressobar-prague/","cafe","M. Horákové 817/48, 170 00 , Prague, Czech Republic",50.1001359,14.4263772
"ect_181","Prague","Mezi Srnky","https://europeancoffeetrip.com/cafe/mezisrnky-prague/","cafe","Sazavska 19, 120 00 , Prague, Czech Republic",50.075833052,14.440433979
"ect_182","Prague","ye's","https://europeancoffeetrip.com/cafe/yes-prague/","cafe","Letenské nám. 5, 170 00 , Prague, Czech Republic",50.1003638,14.4243042
"ect_183","Brno","Mitte","https://europeancoffeetrip.com/cafe/mitte-brno/","cafe","Panská 362/11, 602 00 , Brno, Czech Republic",49.1933791,16.6079187
"ect_184","Brno","V melounovém cukru","https://europeancoffeetrip.com/cafe/vmelounovemcukru-brno/","cafe","Františkánská 17, 602 00 , Brno, Czech Republic",49.192910703,16.61185652
"ect_185","Brno","SKOG Urban Hub","https://europeancoffeetrip.com/cafe/skogbrno/","cafe","Dominikánské nám. 187/5, 602 00 , Brno, Czech Republic",49.19382043,16.607302129
"ect_186","Brno","Punkt.","https://europeancoffeetrip.com/cafe/punkt-brno/","cafe","Bayerova 577/7, 602 00 , Brno, Czech Republic",49.2062141,16.6019556
"ect_187","Brno","Monogram Espresso Bar","https://europeancoffeetrip.com/cafe/monogramespressobar-brno/","cafe","Kapucínské náměstí 12, 60200 , Brno, Czech Republic",49.191778,16.6099407
"ect_188","Brno","Local Barber Shop","https://europeancoffeetrip.com/cafe/localbarbershop-brno/","cafe","Smetanova 5, 602 00 , Brno, Czech Republic",49.201128,16.6008587
"ect_189","Brno","Kocici Pelisek","https://europeancoffeetrip.com/cafe/kocicipelisek-brno/","cafe","Třída Kpt. Jaroše 37a, 602 00 , Brno, Czech Republic",49.2035027,16.6101549
"ect_190","Brno","Kafec","https://europeancoffeetrip.com/cafe/kafec-brno/","cafe","Veveří 10, 602 00 , Brno, Czech Republic",49.199392361,16.602723598
"ect_191","Brno","Industra Coffee","https://europeancoffeetrip.com/cafe/industracoffee-brno/","cafe","Masná 27/9, 602 00 , Brno, Czech Republic",49.1843041,16.6265625
"ect_192","Brno","Gill's Espresso Bar","https://europeancoffeetrip.com/cafe/gillsespressobar-brno/","cafe","Veveří 456/9, 602 00 , Brno, Czech Republic",49.199231,16.6024124
"ect_193","Brno","Coffee Fusion","https://europeancoffeetrip.com/cafe/coffeefusion-brno/","cafe","Jánská 25, 60200 , Brno, Czech Republic",49.195014092,16.61172241
"ect_194","Brno","4pokoje","https://europeancoffeetrip.com/cafe/4pokoje-Brno/","cafe","Vachova 45/6, 602 00 , Brno, Czech Republic",49.195752,16.611822
"ect_195","Ostrava","U Černého stromu","https://europeancoffeetrip.com/cafe/ucernehostromu-ostrava/","cafe","Prokešovo nám. 2, 70200 , Ostrava, Czech Republic",49.840857451,18.290036917
"ect_196","Ostrava","Laura Coffee","https://europeancoffeetrip.com/cafe/lauracoffee-ostrava/","cafe","Horní 55, 700 30 , Ostrava, Czech Republic",49.7880712,18.2568941
"ect_197","Ostrava","COKAFE","https://europeancoffeetrip.com/cafe/cokafe-ostrava/","cafe","Poštovní 155/14, 702 00 , Ostrava, Czech Republic",49.837337198,18.289816976
"ect_198","Ostrava","Čerstvý Boby","https://europeancoffeetrip.com/cafe/cerstvyboby-ostrava/","cafe","Nádražní 47, 702 00 , Ostrava, Czech Republic",49.837975534,18.284758329
"ect_199","Ostrava","Sí","https://europeancoffeetrip.com/cafe/si-ostrava/","cafe","Tyršova 1795/25 (Pasáž Vesmír), 702 00 , Ostrava, Czech Republic",49.8366851,18.2866031
"ect_200","Ostrava","Maryčka","https://europeancoffeetrip.com/cafe/marycka-ostrava/","cafe","Vítkovická 3369, 702 00 , Ostrava, Czech Republic",49.8193483,18.2819559
"ect_201","Ostrava","COKAFE Bistro&Coffee Bar","https://europeancoffeetrip.com/cafe/cokafebistro-ostrava/","cafe","Hlavní třída 679/116, Poruba, 708 00 , Ostrava, Czech Republic",49.8309011,18.165275
"ect_202","Ostrava","Alternativa Café","https://europeancoffeetrip.com/cafe/alternativacafe-ostrava/","cafe","17. Listopadu 768/68, Poruba, 70800 , Ostrava, Czech Republic",49.834103875,18.166657984
"ect_203","Olomouc","Naše Café","https://europeancoffeetrip.com/cafe/nasecafe-olomouc/","cafe","Dolní nám. 173/15, 779 00 , Olomouc, Czech Republic",49.592459143,17.252992988
"ect_204","Olomouc","Jazz Fresh Café","https://europeancoffeetrip.com/cafe/jazzfreshcafe-olomouc/","cafe","Sokolská 48, 779 00 , Olomouc, Czech Republic",49.59607021,17.252215147
"ect_205","Olomouc","Love Coffee","https://europeancoffeetrip.com/cafe/lovecoffee-olomouc/","cafe","Masarykova tř. 939/56, 779 00 , Olomouc, Czech Republic",49.5930243,17.2751913
"ect_206","Olomouc","Kikafe","https://europeancoffeetrip.com/cafe/kikafe-olomouc/","cafe","Sokolská 548/44, 779 00 , Olomouc, Czech Republic",49.5961485,17.251673
"ect_207","Olomouc","Druhý domov","https://europeancoffeetrip.com/cafe/druhydomov-olomouc/","cafe","Nábřeží 949/11, 779 00 , Olomouc, Czech Republic",49.597151566,17.268048227
"ect_208","Olomouc","Traffic Coffee","https://europeancoffeetrip.com/cafe/trafficcoffee-olomouc/","cafe","Palackého 25, 77900 , Olomouc, Czech Republic",49.595204413,17.242339253
"ect_209","Olomouc","KAFE JAK LUSK","https://europeancoffeetrip.com/cafe/kafejaklusk-olomouc/","cafe","Třída Svobody 4, 77900 , Olomouc, Czech Republic",49.594931457,17.247025073
"ect_210","Paris","Thank you, my deer","https://europeancoffeetrip.com/cafe/thankyoumydeer-paris/","cafe","112 Rue Saint-Maur,, 75011 , Paris, France",48.8667905,2.3764513
"ect_211","Paris","Télescope","https://europeancoffeetrip.com/cafe/telescope-paris/","cafe","5 Rue Villedo,, 75001 , Paris, France",48.8661259,2.3362277
"ect_212","Paris","Honor","https://europeancoffeetrip.com/cafe/honor-paris/","cafe","54 Rue du Faubourg Saint-Honoré,, 75008 , Paris, France",48.869655894,2.319881469
"ect_213","Paris","Hollybelly","https://europeancoffeetrip.com/cafe/hollybelly-paris/","cafe","19 Rue Lucien Sampaix, 75010 , Paris, France",48.8725315,2.360878
"ect_214","Paris","Hexagone Cafe","https://europeancoffeetrip.com/cafe/hexagonecafe-paris/","cafe","121 Rue du Château,, 75014 , Paris, France",48.8354178,2.3201765
"ect_215","Paris","Coutume Instituutti","https://europeancoffeetrip.com/cafe/coutumeinstituutti-paris/","cafe","60 Rue des Écoles,, 75005 , Paris, France",48.85030806,2.343472168
"ect_216","Paris","Cafe Loustic","https://europeancoffeetrip.com/cafe/cafeloustic-paris/","cafe","40 Rue Chapon,, 75003 , Paris, France",48.8639231,2.3546434
"ect_217","Paris","Cafe Lomi","https://europeancoffeetrip.com/cafe/cafelomi-paris/","cafe","3 Rue Marcadet, 75018 , Paris, France",48.8903174,2.3555901
"ect_218","Paris","Belleville Brûlerie","https://europeancoffeetrip.com/cafe/bellevillebrulerie-paris/","cafe","10 Rue Pradier,, 75019 , Paris, France",48.875135,2.381704
"ect_219","Paris","The Hood","https://europeancoffeetrip.com/cafe/thehood-paris/","cafe","80 Rue Jean-Pierre Timbaud,, 75011 , Paris, France",48.867315,2.3764188
"ect_220","Paris","The Broken Arm","https://europeancoffeetrip.com/cafe/thebrokenarm-paris/","cafe","12 Rue Perrée,, 75003 , Paris, France",48.864713,2.3615956
"ect_221","Paris","The Beans On Fire","https://europeancoffeetrip.com/cafe/thebeansonfire-paris/","cafe","7 Rue du Général Blaise,, 75011 , Paris, France",48.8615741,2.3782561
"ect_222","Paris","Ten Belles","https://europeancoffeetrip.com/cafe/tenbelles-paris/","cafe","10 Rue de la Grange aux Belles,, 75010 , Paris, France",48.8735322,2.364851
"ect_223","Paris","Steel cyclewear & coffee shop","https://europeancoffeetrip.com/cafe/steelcyclecoffeeshop-paris/","cafe","58 Rue de la Fontaine au Roi,, 75011 , Paris, France",48.8680751,2.3738892
"ect_224","Paris","Ob-La-Di","https://europeancoffeetrip.com/cafe/obladi-paris/","cafe","54 Rue de Saintonge,, 75003 , Paris, France",48.863030334,2.36406181
"ect_225","Paris","Matamata Coffee Bar","https://europeancoffeetrip.com/cafe/matamatacoffee-paris/","cafe","58 Rue d'Argout,, 75002 , Paris, France",48.866107,2.3441172
"ect_226","Paris","Le Peloton Café","https://europeancoffeetrip.com/cafe/lepelotoncafe-paris/","cafe","17 Rue du Pont Louis-Philippe,, 75004 , Paris, France",48.8555316,2.3559334
"ect_227","Paris","L'Arbre à Café","https://europeancoffeetrip.com/cafe/larbreacafe-paris/","cafe","10 Rue du Nil,, 75002 , Paris, France",48.8677654,2.3476679
"ect_228","Paris","La Fontaine de Belleville","https://europeancoffeetrip.com/cafe/lafontainedebelleville-paris/","cafe","31-33 Rue Juliette Dodu,, 75010 , Paris, France",48.8758713,2.3684091
"ect_229","Paris","La Chouette","https://europeancoffeetrip.com/cafe/lachouette-paris/","cafe","20 Rue du Château d'Eau,, 75010 , Paris, France",48.870166653,2.360357344
"ect_230","Paris","KB Caféshop","https://europeancoffeetrip.com/cafe/kbcafeshop-paris/","cafe","53 Avenue Trudaine,, 75009 , Paris, France",48.880641792,2.340801358
"ect_231","Paris","Hardware Societe Paris","https://europeancoffeetrip.com/cafe/hardwaresocieteparis-paris/","cafe","10 Rue Lamarck,, 75018 , Paris, France",48.8868764,2.3445768
"ect_232","Paris","Fringe Coffee Paris","https://europeancoffeetrip.com/cafe/fringecoffeeparis-paris/","cafe","106 Rue de Turenne,, 75003 , Paris, France",48.862754406,2.364933193
"ect_233","Paris","Fragment","https://europeancoffeetrip.com/cafe/fragments-paris/","cafe","76 Rue des Tournelles,, 75003 , Paris, France",48.857977592,2.367362604
"ect_234","Paris","Fondation Cafe","https://europeancoffeetrip.com/cafe/fondationcafe-paris/","cafe","16 Rue Dupetit-Thouars,, 75003 , Paris, France",48.865683442,2.361513376
"ect_235","Paris","DOSE - Dealer de café","https://europeancoffeetrip.com/cafe/dosedealerdecafe-paris/","cafe","73 Rue Mouffetard,, 75005 , Paris, France",48.8422167,2.3498377
"ect_236","Paris","Cueillette Coftea Shop","https://europeancoffeetrip.com/cafe/cueillettecofteashop-paris/","cafe","6 Rue du Moulin Joly,, 75011 , Paris, France",48.8687888,2.3793556
"ect_237","Paris","Cream","https://europeancoffeetrip.com/cafe/cream-paris/","cafe","50 Rue de Belleville,, 75020 , Paris, France",48.873105841,2.381505221
"ect_238","Paris","Craft","https://europeancoffeetrip.com/cafe/craft-paris/","cafe","24 Rue des Vinaigriers,, 75010 , Paris, France",48.87321169,2.3630362
"ect_239","Paris","Café Oberkampf","https://europeancoffeetrip.com/cafe/cafeoberkampf-paris/","cafe","3 Rue Neuve Popincourt,, 75011 , Paris, France",48.8647255,2.3740301
"ect_240","Paris","Broken Biscuits Patisserie","https://europeancoffeetrip.com/cafe/brokenbiscuitspatisserie-paris/","cafe","10 Passage Rochebrune,, 75011 , Paris, France",48.861948,2.37994
"ect_241","Paris","Boot Cafe","https://europeancoffeetrip.com/cafe/bootcafe-paris/","cafe","19 Rue du Pont aux Choux, 75003 , Paris, France",48.861154,2.365309
"ect_242","Paris","Blackburn Coffee","https://europeancoffeetrip.com/cafe/blackburncoffee-paris/","cafe","52 Rue du Faubourg Saint-Martin,, 75010 , Paris, France",48.870846,2.356793
"ect_243","Warsaw","Relaks","https://europeancoffeetrip.com/cafe/relaks-warsaw/","cafe","Puławska 48, 02-559 , Warsaw, Poland",52.20266719,21.021734029
"ect_244","Warsaw","Ministerstwo Kawy","https://europeancoffeetrip.com/cafe/ministerstwokawy-warsaw/","cafe","Marszałkowska 27/35, 00-639 , Warsaw, Poland",52.218816687,21.018267274
"ect_245","Warsaw","Kofi Brand","https://europeancoffeetrip.com/cafe/kofibrand-warsaw/","cafe","Mińska 25, 03_808 , Warsaw, Poland",52.250111186,21.062394977
"ect_246","Warsaw","Filtry","https://europeancoffeetrip.com/cafe/filtry-poland/","cafe","Juliana Ursyna Niemcewicza 3,, 00-001 , Warsaw, Poland",52.220476,20.9885493
"ect_247","Warsaw","Secret Life","https://europeancoffeetrip.com/cafe/secretlife-warsaw/","cafe","Slowackiego 15/19, 01-592 , Warsaw, Poland",52.269654326,20.979530811
"ect_248","Warsaw","Relax Cafe Bar","https://europeancoffeetrip.com/cafe/relaxcafebar-warsaw/","cafe","Złota 8a, 00-019 , Warsaw, Poland",52.233269172,21.010743678
"ect_249","Warsaw","Nancy Lee","https://europeancoffeetrip.com/cafe/nancylee-warsaw/","cafe","Szpitalna 8, 00-001 , Warsaw, Poland",52.233491759,21.015102267
"ect_250","Warsaw","Francuska 30","https://europeancoffeetrip.com/cafe/francuska30-warsaw/","cafe","Francuska 30, 03-905 , Warsaw, Poland",52.235095011,21.053937972
"ect_251","Warsaw","FORUM","https://europeancoffeetrip.com/cafe/forum-warsaw/","cafe","Nowowiejska 1, 00-643 , Warsaw, Poland",52.21969,21.0166869
"ect_252","Warsaw","eMeSeN","https://europeancoffeetrip.com/cafe/emesen-warsaw/","cafe","Panska 3, 00-124 , Warsaw, Poland",52.233197714,21.001699269
"ect_253","Warsaw","Coffee Republic","https://europeancoffeetrip.com/cafe/coffeerepublic-warsaw/","cafe","Aleje Jerozolimskie 200, 02-486 , Warsaw, Poland",52.1942779,20.9250444
"ect_254","Krakow","Wesoła Cafe","https://europeancoffeetrip.com/cafe/wesolacafe-krakow/","cafe","Rakowicka 17, 31-5111 , Krakow, Poland",50.066716672,19.952144176
"ect_255","Krakow","Karma","https://europeancoffeetrip.com/cafe/karma-krakow/","cafe","Ul. Krupnicza 12/3, 33-332 , Krakow, Poland",50.063427257,19.930591285
"ect_256","Krakow","JAVA Coffee Showroom","https://europeancoffeetrip.com/cafe/javacoffee-krakow/","cafe","Berka Joselewicza 12/1u, 31-051 , Krakow, Poland",50.054265465,19.945853055
"ect_257","Krakow","Coffeece","https://europeancoffeetrip.com/cafe/coffeece-krakow/","cafe","Przemysłowa 12, 30-701 , Krakow, Poland",50.048750843,19.959961474
"ect_258","Krakow","Blossom","https://europeancoffeetrip.com/cafe/Blossom-krakow/","cafe","Rakowicka 20, Kraków, Poland, 31-510 , Krakow, Poland",50.069154,19.952901
"ect_259","Krakow","Tektura","https://europeancoffeetrip.com/cafe/tektura-krakow/","cafe","Krupnicza 7, 33-332 , Krakow, Poland",50.0635849,19.931071
"ect_260","Krakow","Coffee Proficiency","https://europeancoffeetrip.com/cafe/coffee-proficiency-krakow/","cafe","aleja 29 Listopada 155A, 30-701 , Krakow, Poland",50.0951529,19.962255
"ect_261","Krakow","Karma Roastery","https://europeancoffeetrip.com/cafe/karmaroasters-krakow/","cafe","Św. Wawrzyńca 9/2, 33-332 , Krakow, Poland",50.049533641,19.945714921
"ect_262","Poznan","Minister Cafe","https://europeancoffeetrip.com/cafe/ministercafe-poznan/","cafe","ul. Ratajczaka 34, 60-101 , Poznan, Poland",52.406010729,16.925236434
"ect_263","Poznan","Piece of Cake","https://europeancoffeetrip.com/cafe/pieceofcake-poznan/","cafe","Zydowska 29, 61-761 , Poznan, Poland",52.40995407,16.935423464
"ect_264","Poznan","Brisman Kawowy Bar","https://europeancoffeetrip.com/cafe/brismankawowybar-poznan/","cafe","Adama Mickiewicza 20, 60-834 , Poznan, Poland",52.411257258,16.911502182
"ect_265","Poznan","Stragan Kawiarnia","https://europeancoffeetrip.com/cafe/stragankawiarnia-poznan/","cafe","Franciszka Ratajczaka 31, 61-816 , Poznan, Poland",52.406958145,16.924996376
"ect_266","Poznan","Cafe La Ruina","https://europeancoffeetrip.com/cafe/cafelaruina-poznan/","cafe","Śródka 3, 61-125 , Poznan, Poland",52.41122699,16.953358054
"ect_267","Wroclaw","Rozrusznik","https://europeancoffeetrip.com/cafe/rozrusznik-wroclaw/","cafe","Cybulskiego 15, 50-205 , Wroclaw, Poland",51.11671366,17.031193078
"ect_268","Wroclaw","Lot Kury","https://europeancoffeetrip.com/cafe/lotkury-wroclaw/","cafe","Ofiar Oświęcimskich 17, 50-069 , Wroclaw, Poland",51.108449649,17.031588033
"ect_269","Wroclaw","Bema Cafe","https://europeancoffeetrip.com/cafe/BemaCafe-wroclaw/","cafe","Drobnera 40, 50-257 Wroclaw, Poland, 50-257 , Wroclaw, Poland",51.118028,17.040195
"ect_270","Wroclaw","Cafe Targowa","https://europeancoffeetrip.com/cafe/cafetargowa-wroclaw/","cafe","Piaskowa 17, 50-158 , Wroclaw, Poland",51.11264772,17.040449381
"ect_271","Wroclaw","Gniazdo","https://europeancoffeetrip.com/cafe/gniazdo-wroclaw/","cafe","Świdnicka 36, 50-068 , Wroclaw, Poland",51.1053861,17.0315415
"ect_272","Brussels","Apex","https://europeancoffeetrip.com/cafe/Apex-brussels/","cafe","Apex Coffee Bar, 40 rue des Palais, 1030 Brussels, Belgium, 1030 , Brussels, Belgium",50.860037,4.367706
"ect_273","Brussels","Aksum Coffee House","https://europeancoffeetrip.com/cafe/aksumcoffeehouse-brussels/","cafe","60 rue des Eperonniers, 1000 , Brussels, Belgium",50.8449126,4.3531335
"ect_275","Antwerp","Viggo's Coffee Bar","https://europeancoffeetrip.com/cafe/viggoscoffee-antwerp/","cafe","De Coninckplein 21, 2060 , Antwerp, Belgium",51.221799007,4.420388415
"ect_276","Antwerp","St. vincents","https://europeancoffeetrip.com/cafe/stvincents-antwerp/","cafe","Kleine Markt 13, 2000 , Antwerp, Belgium",51.2152482,4.4022611
"ect_277","Antwerp","Normo Coffee","https://europeancoffeetrip.com/cafe/normocoffee-antwerp/","cafe","Minderbroedersrui 30, 2000 , Antwerp, Belgium",51.2225462,4.4043076
"ect_278","Antwerp","Kolonel Koffie","https://europeancoffeetrip.com/cafe/kolonelkoffie-antwerp/","cafe","Montignystraat 51, 2018 , Antwerp, Belgium",51.203679541,4.392157495
"ect_279","Antwerp","Cuperus Koffie","https://europeancoffeetrip.com/cafe/cuperuskoffie-antwerp/","cafe","Sint-Katelijnevest 51, 2000 , Antwerp, Belgium",51.21973228,4.405406266
"ect_280","Antwerp","CoffeeLabs","https://europeancoffeetrip.com/cafe/coffeelabs-antwerp/","cafe","Lange Klarenstraat 19, 2000 , Antwerp, Belgium",51.218967891,4.408301041
"ect_281","Antwerp","Caffenation","https://europeancoffeetrip.com/cafe/caffenation-antwerp/","cafe","Mechelsesteenweg 16, 2000 , Antwerp, Belgium",51.2114802,4.4073642
"ect_282","Antwerp","Broer Bretel","https://europeancoffeetrip.com/cafe/broerbretel-antwerp/","cafe","Nassaustraat 7, 2000 , Antwerp, Belgium",51.23076579,4.405592009
"ect_283","Gent","Café Labath","https://europeancoffeetrip.com/cafe/cafelabath-gent/","cafe","Oude Houtlei 1, 9000 , Gent, Belgium",51.0539313,3.7167627
"ect_285","Gent","De Superette","https://europeancoffeetrip.com/cafe/desuperette-gent/","cafe","Guldenspoorstraat 29, 9000 , Gent, Belgium",51.045469899,3.7300542
"ect_286","Gent","Or Coffee","https://europeancoffeetrip.com/cafe/orcoffee-gent/","cafe","Walpoortstraat 26, 9000 , Gent, Belgium",51.048931772,3.726902604
"ect_287","Gent","Gustaf","https://europeancoffeetrip.com/cafe/gustaf-gent/","cafe","Sint-Jacobsnieuwstraat 45, 9000 , Gent, Belgium",51.0550372,3.729534
"ect_288","Amsterdam","White label coffee","https://europeancoffeetrip.com/cafe/whitelabelcoffee-amsterdam/","cafe","Jan Evertsenstraat 136III, 1056 , Amsterdam, Netherlands",52.370419645,4.851581678
"ect_289","Amsterdam","Screaming Beans","https://europeancoffeetrip.com/cafe/screamingbeans-amsterdam/","cafe","Hartenstraat 12II, 1016 , Amsterdam, Netherlands",52.372365111,4.886170775
"ect_290","Amsterdam","Scandinavian Embassy","https://europeancoffeetrip.com/cafe/scandinavianembassy-amsterdam/","cafe","Sarphatipark 34II, 1072 , Amsterdam, Netherlands",52.353474255,4.894267693
"ect_291","Amsterdam","Lot Sixty One","https://europeancoffeetrip.com/cafe/lotsixtyone-amsterdam/","cafe","Kinkerstraat 112, 1053 ED , Amsterdam, Netherlands",52.3668339,4.870300144
"ect_292","Amsterdam","Espressofabriek","https://europeancoffeetrip.com/cafe/espressofabriek-amsterdam/","cafe","Pazzanistraat 5, 1014 , Amsterdam, Netherlands",52.386143042,4.872023463
"ect_293","Amsterdam","CC Branderij","https://europeancoffeetrip.com/cafe/ccbranderij-amsterdam/","cafe","Zeeburgerpad 1, 1018 , Amsterdam, Netherlands",52.366888765,4.929285944
"ect_294","Amsterdam","Black Gold Amsterdam","https://europeancoffeetrip.com/cafe/Blackgoldamsterdam-amsterdam/","cafe","Korte Koningsstraat 13, Amsterdam, Netherlands, 1011 EX , Amsterdam, Netherlands",52.371766,4.903016
"ect_295","Bucharest","Bloom Specialty Coffee","https://europeancoffeetrip.com/cafe/bloom-bucharest/","cafe","Strada George Vraca 7, 030167 , Bucharest, Romania",44.436766615,26.095145792
"ect_296","Bucharest","Two Minutes","https://europeancoffeetrip.com/cafe/twominutes-bucharest/","cafe","Strada Constantin Aricescu 50A, Bucharest, Romania",44.4611893,26.0964067
"ect_297","Bucharest","T-Zero Coffee Shop","https://europeancoffeetrip.com/cafe/tzero-bucharest/","cafe","Strada Dianei 1, 030167 , Bucharest, Romania",44.436752251,26.106659174
"ect_298","Bucharest","STEAM Coffee Shop #2","https://europeancoffeetrip.com/cafe/steamcoffeeshop2-bucharest/","cafe","Strada Visarion 2, Bucharest, Romania",44.446807896,26.094763577
"ect_299","Bucharest","STEAM Coffee Shop #1","https://europeancoffeetrip.com/cafe/steamcoffeeshop-bucharest/","cafe","Strada Uruguay 22, Bucharest, Romania",44.4651173,26.0851167
"ect_300","Bucharest","Orygyns","https://europeancoffeetrip.com/cafe/orygyns-bucharest/","cafe","Strada Jules Michelet 12, 030167 , Bucharest, Romania",44.443975792,26.099317968
"ect_301","Bucharest","Origo","https://europeancoffeetrip.com/cafe/origo-bucharest/","cafe","Strada Lipscani 9, 030167 , Bucharest, Romania",44.433205266,26.095340252
"ect_302","Bucharest","M60","https://europeancoffeetrip.com/cafe/m60-bucharest/","cafe","Strada D. I. Mendeleev 6, 030167 , Bucharest, Romania",44.443171518,26.096726283
"ect_303","Bucharest","Guido","https://europeancoffeetrip.com/cafe/guido-bucharest/","cafe","Strada Mihai Eminescu 182, Bucharest, Romania",44.446771,26.112689
"ect_304","Bucharest","Frudisiac","https://europeancoffeetrip.com/cafe/frudisiac-bucharest/","cafe","Intrarea Bitolia 4, 011677 , Bucharest, Romania",44.460176675,26.095072031
"ect_305","Bucharest","Dose","https://europeancoffeetrip.com/cafe/dose-bucharest/","cafe","Calea Dorobanti nr 56, 010574 , Bucharest, Romania",44.4502873,26.0991905
"ect_306","Bucharest","Fellow One","https://europeancoffeetrip.com/cafe/fellowone-bucharest/","cafe","Calea Victoriei 143, 010072 , Bucharest, Romania",44.448774,26.088746
"ect_307","Bucharest","Coftale","https://europeancoffeetrip.com/cafe/coftale-bucharest/","cafe","Strada Stefan Mihaileanu 42, 024024 , Bucharest, Romania",44.436775233,26.119716167
"ect_308","Cluj-Napoca","Victor Fresh To Go","https://europeancoffeetrip.com/cafe/victorfreshtogo-cluj-napoca/","cafe","Victor Babes 33, Cluj-Napoca, Romania",46.764302448,23.585015237
"ect_309","Cluj-Napoca","ROOTS","https://europeancoffeetrip.com/cafe/roots-cluj-napoca/","cafe","Bulevardul Eroilor 4, Cluj-Napoca, Romania",46.769279508,23.591697961
"ect_310","Cluj-Napoca","Olivo Caffe","https://europeancoffeetrip.com/cafe/olivocaffee-cluj-napoca/","cafe","Bulevardul Eroilor 7, Cluj-Napoca, Romania",46.769664389,23.591925949
"ect_311","Cluj-Napoca","Let’s Coffee","https://europeancoffeetrip.com/cafe/letscoffee-cluj/","cafe","Strada Regele Ferdinand 30, 400110 , Cluj-Napoca, Romania",46.7735524,23.5882013
"ect_312","Cluj-Napoca","Bujole","https://europeancoffeetrip.com/cafe/bujole-cluj-napoca/","cafe","Piata Unirii 15, Cluj-Napoca, Romania",46.769647,23.5888959
"ect_313","Cluj-Napoca","YUME Coffee Roasters","https://europeancoffeetrip.com/cafe/yume-clujnapoca/","cafe","Stada Emil Petrovici 16, 400000 , Cluj-Napoca, Romania",46.77910459,23.590708226
"ect_314","Cluj-Napoca","Coffee Addicts","https://europeancoffeetrip.com/cafe/coffeeaddicts-clujnapoca/","cafe","Regele Ferdinand 9, 400110 , Cluj-Napoca, Romania",46.7716893,23.589174
"ect_315","Barcelona","Syra","https://europeancoffeetrip.com/cafe/syracoffee-barcelona/","cafe","Carrer de Siracusa, 13, 08012 , Barcelona, Spain",41.4009602,2.1595736
"ect_316","Barcelona","SlowMov","https://europeancoffeetrip.com/cafe/slowmov-barcelona/","cafe","Carrer de Luis Antúnez, 18, 08006 , Barcelona, Spain",41.398158,2.1548115
"ect_317","Barcelona","Skye Coffee Co.","https://europeancoffeetrip.com/cafe/skyecoffeeco-barcelona/","cafe","Carrer de Pamplona, 88, 08018 , Barcelona, Spain",41.3970071,2.1914723
"ect_318","Barcelona","Satan’s Coffee Corner","https://europeancoffeetrip.com/cafe/satanscoffeecorner-barcelona/","cafe","Carrer de l'Arc de Sant Ramon del Call, 11, 08002 , Barcelona, Spain",41.3826111,2.1752616
"ect_319","Barcelona","Nomad Coffee - Roaster’s Home","https://europeancoffeetrip.com/cafe/nomadcoffeeroasters-barcelona/","cafe","Carrer de Pujades, 95, 08005 , Barcelona, Spain",41.3979721,2.1956443
"ect_320","Barcelona","Hidden Cafe","https://europeancoffeetrip.com/cafe/hiddencafe-barcelona/","cafe","Carrer de Constança, 12, 08029 , Barcelona, Spain",41.388271235,2.135748491
"ect_321","Barcelona","Atmans Coffee","https://europeancoffeetrip.com/cafe/atmanscoffee-barcelona/","cafe","Carrer de Morales, 27, 08029 , Barcelona, Spain",41.388320033,2.140598595
"ect_322","Barcelona","Animal Coffee Bar","https://europeancoffeetrip.com/cafe/AnimalCoffeeBar-Barcelona/","cafe","Carrer de l'Avenir, 44, 08021 , Barcelona, Spain",41.395691,2.146414
"ect_323","Barcelona","Wer-Haus","https://europeancoffeetrip.com/cafe/wer-haus-barcelona/","cafe","Carrer d'Aragó, 287, 08009 , Barcelona, Spain",41.393842098,2.166573778
"ect_324","Barcelona","Onna Coffee","https://europeancoffeetrip.com/cafe/onnacoffee-barcelona/","cafe","Carrer de Santa Teresa 1, 08012 , Barcelona, Spain",41.398102173,2.159659714
"ect_325","Madrid","Toma Café","https://europeancoffeetrip.com/cafe/tomacafe-madrid/","cafe","Calle de la Palma 49, 28004 , Madrid, Spain",40.426477033,-3.705938458
"ect_326","Madrid","Lots Coffee House","https://europeancoffeetrip.com/cafe/lotscoffeehouse-madrid/","cafe","Calle del Gral Oraá, 40, 28006 , Madrid, Spain",40.435932972,-3.681415021
"ect_327","Madrid","HanSo Café","https://europeancoffeetrip.com/cafe/hansocafe-madrid/","cafe","Calle del Pez 20, 28004 , Madrid, Spain",40.42390993,-3.705387935
"ect_328","Madrid","Coffee & Kicks","https://europeancoffeetrip.com/cafe/coffeandkicks-madrid/","cafe","Calle de las Navas de Tolosa, 6, 28013 , Madrid, Spain",40.419245,-3.7065967
"ect_329","Madrid","Bianchi Kiosko Caffé","https://europeancoffeetrip.com/cafe/bianchikioskocaffe-madrid/","cafe","Calle de San Joaquín, 9,, 28004 , Madrid, Spain",40.424396,-3.701641
"ect_330","Madrid","Hola Coffee","https://europeancoffeetrip.com/cafe/holacoffee-madrid/","cafe","Calle del Dr. Fourquet, 33, 28012 , Madrid, Spain",40.4070207,-3.6990835
"ect_331","Malmö","Djäkne Kaffebar","https://europeancoffeetrip.com/cafe/djaknekaffebar-malmo/","cafe","Djäknegatan 9, 211 35 , Malmö, Sweden",55.605767623,13.004349768
"ect_332","Malmö","Solde Kaffebar & Kafferosteri","https://europeancoffeetrip.com/cafe/soldekaffebar-malmo/","cafe","Regementsgatan 2, 211 42 , Malmö, Sweden",55.6007931,13.0003789
"ect_333","Malmö","Te & Kaffehuset","https://europeancoffeetrip.com/cafe/teochkaffehuset-malmo/","cafe","Storgatan 24, 211 42 , Malmö, Sweden",55.599723277,12.999214679
"ect_334","Malmö","UGGLA KAFFEBAR","https://europeancoffeetrip.com/cafe/ugglakaffebar-malmo/","cafe","Sankt Knuts Torg 16, 211 57 , Malmö, Sweden",55.596940201,13.013758957
"ect_335","Malmö","Noir Kaffekultur","https://europeancoffeetrip.com/cafe/noirkaffekultur-malmo/","cafe","Engelbrektsgatan 6, 211 33 , Malmö, Sweden",55.605005502,12.997740805
"ect_336","Malmö","Cafe Number 6","https://europeancoffeetrip.com/cafe/cafenumber6-malmo/","cafe","Mäster Henriksgatan 6, 211 58 , Malmö, Sweden",55.596289298,13.013970852
"ect_337","Stockholm","Kafe Esaias","https://europeancoffeetrip.com/cafe/kafeesaias-stockholm/","cafe","Drottninggatan 102, 111 60 , Stockholm, Sweden",59.338248086,18.057197034
"ect_338","Stockholm","Café Pascal","https://europeancoffeetrip.com/cafe/cafepascal-stockholm/","cafe","Norrtullsgatan 4, 113 27 , Stockholm, Sweden",59.342178356,18.052147776
"ect_339","Stockholm","Drop Coffee","https://europeancoffeetrip.com/cafe/dropcoffee-stockholm/","cafe","Wollmar Yxkullsgatan 10, 118 50 , Stockholm, Sweden",59.3168894,18.0627117
"ect_341","Stockholm","snickarbacken7","https://europeancoffeetrip.com/cafe/snickarbacken7-stockholm/","cafe","Snickarbacken 7, 111 39 , Stockholm, Sweden",59.337932,18.067578
"ect_342","Stockholm","Kaffeverket","https://europeancoffeetrip.com/cafe/kaffeverket-stockholm/","cafe","Sankt Eriksgatan 88, 113 62 , Stockholm, Sweden",59.341370728,18.038158715
"ect_343","Gothenburg","da Matteo Vallgatan","https://europeancoffeetrip.com/cafe/DaMatteoVallgatan-Gothenburg/","cafe","Vallgatan 5, Göteborg, Sweden, 411 16 , Gothenburg, Sweden",57.703121,11.962336
"ect_344","Gothenburg","Viktors Kaffe","https://europeancoffeetrip.com/cafe/ViktorsKaffe-Gothenburg/","cafe","Götaplatsen 9, Gothenburg, Sweden, 411 34 , Gothenburg, Sweden",57.697443,11.97822
"ect_345","Gothenburg","Da Matteo Victoriapassagen","https://europeancoffeetrip.com/cafe/DaMatteoVictoriapassagen-Gothenburg/","cafe","Södra Larmgatan 14, Gothenburg, 411 16 , Gothenburg, Sweden",57.703323,11.965621
"ect_346","Gothenburg","Alkemisten","https://europeancoffeetrip.com/cafe/alkemisten-gothenburg/","cafe","Gustaf dahlénsgatan 14, 41705 , Gothenburg, Sweden",57.7222301,11.945014
"ect_347","Gothenburg","da Matteo Roastery","https://europeancoffeetrip.com/cafe/DaMatteoRoastery-Gothenburg/","cafe","Magasinsgatan 19, Gothenburg, Sweden, 411 18 , Gothenburg, Sweden",57.702827,11.962321
"ect_348","Gothenburg","Kale'i Kaffebar","https://europeancoffeetrip.com/cafe/Kaleikaffebar-Gothenburg/","cafe","Kyrkogatan 13, Göteborg, Sweden, 411 15 , Gothenburg, Sweden",57.704476,11.963132
"ect_349","Bratislava","Urban House","https://europeancoffeetrip.com/cafe/urbanhouse-bratislava/","cafe","Laurinská 14, 811 01 , Bratislava, Slovakia",48.1436365,17.111151
"ect_350","Bratislava","MAD DROP espresso & brew bar","https://europeancoffeetrip.com/cafe/maddrop-bratislava/","cafe","Radlinského 24, 811 07 , Bratislava, Slovakia",48.1535173,17.119129
"ect_351","Bratislava","Urban Bistro","https://europeancoffeetrip.com/cafe/urbanbistro-bratislava/","cafe","Michalská 5, 811 03 , Bratislava, Slovakia",48.144454985,17.106615454
"ect_352","Bratislava","Gorila.sk Urban Space","https://europeancoffeetrip.com/cafe/urbanspace-bratislava/","cafe","Nám. SNP 30, 811 01 , Bratislava, Slovakia",48.1452549,17.1106035
"ect_353","Bratislava","Brew Bar Café","https://europeancoffeetrip.com/cafe/Brewbarcafe-bratislava/","cafe","Fresh Market, Rožňavská 1A, Bratislava-Nové Mesto, Slovakia, 831 04 , Bratislava, Slovakia",48.167617,17.153285
"ect_354","Bratislava","MONO café","https://europeancoffeetrip.com/cafe/monocafe-bratislava/","cafe","Budovateľská 25, 82101 , Bratislava, Slovakia",48.1497788,17.1267216
"ect_355","Bratislava","DOT.espresso bar","https://europeancoffeetrip.com/cafe/dotespressobar-bratislava/","cafe","Lazaretská 2399/13, 811 08 , Bratislava, Slovakia",48.145804414,17.119846791
"ect_356","Bratislava","Fach","https://europeancoffeetrip.com/cafe/fach-bratislava/","cafe","Ventúrska 10, 81101 , Bratislava, Slovakia",48.1427109,17.1065869
"ect_357","Bratislava","FIVE Points","https://europeancoffeetrip.com/cafe/fivepoints-bratislava/","cafe","Panská 23, 811 01 , Bratislava, Slovakia",48.14205805,17.106738165
"ect_358","Bratislava","Pán Králiček Priestor","https://europeancoffeetrip.com/cafe/pankralicekpriestor-bratislava/","cafe","Budovateľská 2, 82108 , Bratislava, Slovakia",48.147786882,17.126716599
"ect_359","Bratislava","Kaffeehaus Goriffee","https://europeancoffeetrip.com/cafe/kaffeehausgoriffee-bratislava/","cafe","Panenská 33, 811 03 , Bratislava, Slovakia",48.1481967,17.1063684
"ect_360","Saint Petersburg","Gastroatelier Na Kukhne","https://europeancoffeetrip.com/cafe/kofenakukhne-saintpetersburg/","cafe","Naberezhnaya Leytenanta Shmidta, 43, 199034 , Saint Petersburg, Russia",59.931038389,30.271298289
"ect_361","Saint Petersburg","Espresso Bike","https://europeancoffeetrip.com/cafe/espressobike-saintpetersburg/","cafe","Kazanskaya ul., 7, Saint Petersburg, 191023 , Saint Petersburg, Russia",59.9318489,30.3207187
"ect_362","Saint Petersburg","Charakter coffee","https://europeancoffeetrip.com/cafe/charaktercoffee-saintpetersburg/","cafe","nab. Reki Fontanki, 109, 190031 , Saint Petersburg, Russia",59.9229308,30.3184597
"ect_363","Saint Petersburg","Mad Espresso Team","https://europeancoffeetrip.com/cafe/madespressoteam-saintpetersburg/","cafe","2-ya Sovetskaya ul., 27, 191024 , Saint Petersburg, Russia",59.930232,30.372167
"ect_364","Saint Petersburg","Pitcher","https://europeancoffeetrip.com/cafe/pitcher-saintpetersburg/","cafe","ul. Marata, 2, 191025 , Saint Petersburg, Russia",59.931259,30.355761
"ect_365","Saint Petersburg","Bar Pif Paf","https://europeancoffeetrip.com/cafe/barpifpaf-saintpetersburg/","cafe","Griboyedov Canal Embankment, 31, 191186 , Saint Petersburg, Russia",59.932110803,30.323687196
"ect_366","Saint Petersburg","Impress","https://europeancoffeetrip.com/cafe/impress-saintpetersburg/","cafe","Kovenskiy per., 14, Saint Petersburg, 191014 , Saint Petersburg, Russia",59.9378847,30.3588766
"ect_367","Saint Petersburg","Dreamers","https://europeancoffeetrip.com/cafe/dreamers-saintpetersburg/","cafe","nab. Reki Fontanki, 11, 191023 , Saint Petersburg, Russia",59.936748,30.3427227
"ect_368","Saint Petersburg","Bonch","https://europeancoffeetrip.com/cafe/Bonch-saintpetersburg/","cafe","Bolshaya Morskaya ul., 16, Saint Petersburg, 191186 , Saint Petersburg, Russia",59.935142,30.316738
"ect_369","Saint Petersburg","Coffee at 22","https://europeancoffeetrip.com/cafe/coffeeat22-saintpetersburg/","cafe","Kazanskaya ul. 22, 191023 , Saint Petersburg, Russia",59.9311433,30.3199104
"ect_370","Moscow","Cooperative Chernyi","https://europeancoffeetrip.com/cafe/cooperativechernyi-moscow/","cafe","ul. Pokrovka 31, 105064 , Moscow, Russia",55.760688,37.649638
"ect_371","Moscow","LES coffee","https://europeancoffeetrip.com/cafe/lescofee-moscow/","cafe","Zubovskiy bulvar 2, 119021 , Moscow, Russia",55.7364865,37.5918167
"ect_372","Moscow","Double B Coffee & Tea","https://europeancoffeetrip.com/cafe/doublebcoffeeandtea-moscow/","cafe","Milyutinskiy per., 3, 101000 , Moscow, Russia",55.761413,37.6315398
"ect_373","Moscow","Chelovek i Parohod","https://europeancoffeetrip.com/cafe/chelovekiparohod-moscow/","cafe","Mytnaya ul., 74, Moscow, 11519 , Moscow, Russia",55.712178,37.620643
"ect_374","Moscow","West 4 coffee","https://europeancoffeetrip.com/cafe/west4coffee-moscow/","cafe","ul. Ostozhenka, 3/14, 119034 , Moscow, Russia",55.743492,37.6021896
"ect_375","Moscow","Good Enough Coffee","https://europeancoffeetrip.com/cafe/goodenoughcoffee-moscow/","cafe","Sadovaya-Triumfalnaya ul., 4/10, 127006 , Moscow, Russia",55.770432,37.599146
"ect_376","Helsinki","Kahvila Sävy","https://europeancoffeetrip.com/cafe/kahvilasavy-helsinki/","cafe","Aleksis Kiven katu 12, 00101 , Helsinki, Finland",60.1892363,24.9584947
"ect_378","Helsinki","Good Life Coffee","https://europeancoffeetrip.com/cafe/goodlifecoffee-helsinki/","cafe","Kolmas Linja 17, 00530 , Helsinki, Finland",60.182969655,24.948097765
"ect_379","Helsinki","Kaffa Roastery","https://europeancoffeetrip.com/cafe/kaffaroastery-helsinki/","cafe","Pursimiehenkatu 29A, 00150 , Helsinki, Finland",60.1585857,24.934411
"ect_380","Helsinki","La Torrefazione","https://europeancoffeetrip.com/cafe/latorrefazione-helsinki/","cafe","Yliopistonkatu 6, 00100 , Helsinki, Finland",60.1697649,24.948038
"ect_381","Helsinki","Artisan Café","https://europeancoffeetrip.com/cafe/artisancafe-helsinki/","cafe","Vuorikatu 8, 00100 , Helsinki, Finland",60.170941662,24.947486222
"ect_382","Helsinki","El Fant","https://europeancoffeetrip.com/cafe/elfant-helsinki/","cafe","Katariinankatu 3, 00170 , Helsinki, Finland",60.168632135,24.953722358
"ect_383","Helsinki","Mad Possum","https://europeancoffeetrip.com/cafe/madpossum-helsinki/","cafe","Vironkatu 11, 00170 , Helsinki, Finland",60.1723868,24.9536477
"ect_384","Helsinki","Cafetoria Roastery","https://europeancoffeetrip.com/cafe/cafetoriaroastery-helsinki/","cafe","Runeberginkatu 31, 00100 , Helsinki, Finland",60.17333107,24.923019111
"ect_385","Helsinki","Kahvi Charlotta","https://europeancoffeetrip.com/cafe/kahvicharlotta-helsinki/","cafe","Runeberginkatu 5, 00101 , Helsinki, Finland",60.169111132,24.928335249
"ect_386","Helsinki","Kaffecentralen","https://europeancoffeetrip.com/cafe/kaffecentralen-helsinki/","cafe","Fredrikinkatu 59, 00100 , Helsinki, Finland",60.1677805,24.9324487
"ect_387","Helsinki","Helsingin Kahvipaahtimo","https://europeancoffeetrip.com/cafe/helsinginkahvipaahtimo-helsinki/","cafe","Päijänteentie 29, 00510 , Helsinki, Finland",60.1915641,24.9589215
"ect_388","Athens","The Underdog","https://europeancoffeetrip.com/cafe/theunderdog-athens/","cafe","Iraklidon 8, 118 51 , Athens, Greece",37.9749521,23.7191415
"ect_389","Athens","Tailor Made","https://europeancoffeetrip.com/cafe/tailormade-athens/","cafe","Plateia Agias Irinis 2, 105 60 , Athens, Greece",37.977373529,23.728108406
"ect_390","Athens","Taf Coffee","https://europeancoffeetrip.com/cafe/tafcoffee-athens/","cafe","Emmanouil Mpenaki 7, 106 78 , Athens, Greece",37.983356645,23.730618954
"ect_391","Athens","QAHWA","https://europeancoffeetrip.com/cafe/qahva-athens/","cafe","Mark. Mpotsari 1, 122 41 , Athens, Greece",37.9915311,23.6777923
"ect_392","Athens","Mokka","https://europeancoffeetrip.com/cafe/mokka-athens/","cafe","Athinas 44, 105 51 , Athens, Greece",37.9808117,23.7273309
"ect_393","Athens","Mind The Cup","https://europeancoffeetrip.com/cafe/mindthecup-athens/","cafe","Iasonos 43-45, 121 34 , Athens, Greece",38.011574307,23.693271875
"ect_394","Athens","KUDU ""The Workshop""","https://europeancoffeetrip.com/cafe/kudutheworkshop-athens/","cafe","Voutadon 28, 118 54 , Athens, Greece",37.9787694,23.7128523
"ect_395","Athens","Kaya","https://europeancoffeetrip.com/cafe/kaya-athens/","cafe","Voulis 7, 105 62 , Athens, Greece",37.9768477,23.7328507
"ect_396","Athens","JUST MADE 33","https://europeancoffeetrip.com/cafe/justmade33-athens/","cafe","Evaggelistrias 33, 105 60 , Athens, Greece",37.9774268,23.7294019
"ect_397","Athens","Five 5 Grinders","https://europeancoffeetrip.com/cafe/fivegrinders-athens/","cafe","Leof. Pigis 63, Melissia, 151 27 , Athens, Greece",38.058823541,23.836711049
"ect_398","Budapest","WARMCUP","https://europeancoffeetrip.com/cafe/warmcup-budapest/","cafe","Erzsébet krt. 39, 1073 , Budapest, Hungary",47.501829847,19.067662954
"ect_399","Budapest","TAMP & PULL","https://europeancoffeetrip.com/cafe/tampandpull-budapest/","cafe","Czuczor utca 3., 1093 , Budapest, Hungary",47.48456398,19.061053991
"ect_400","Budapest","My Little Melbourne","https://europeancoffeetrip.com/cafe/mylittlemelbourne-budapest/","cafe","Madách Imre út 3, 1075 , Budapest, Hungary",47.497694676,19.057754874
"ect_401","Budapest","Madal Espresso & Brew Bar","https://europeancoffeetrip.com/cafe/madal-budapest/","cafe","Hollán Ernő u. 3, 1136 , Budapest, Hungary",47.513285,19.0496283
"ect_402","Budapest","Kontakt","https://europeancoffeetrip.com/cafe/kontakt-budapest/","cafe","Károly krt. 22, 1052 , Budapest, Hungary",47.495597972,19.05785948
"ect_403","Budapest","Kelet Kávézó és Galéria","https://europeancoffeetrip.com/cafe/kelet-budapest/","cafe","Bartók Béla út 29, 1115 , Budapest, Hungary",47.479757,19.0510567
"ect_404","Budapest","Kaffeine Espresso Bar","https://europeancoffeetrip.com/cafe/kaffeine-budapest/","cafe","Lövőház u. 27, 1024 , Budapest, Hungary",47.510003193,19.024567902
"ect_405","Budapest","fekete","https://europeancoffeetrip.com/cafe/fekete-budapest/","cafe","Múzeum krt 5., 1053 , Budapest, Hungary",47.493574129,19.060119912
"ect_406","Budapest","Espresso Embassy","https://europeancoffeetrip.com/cafe/espressoembassy-budapest/","cafe","Arany János u. 15, 1051 , Budapest, Hungary",47.501941,19.049828
"ect_407","Budapest","Double Shot","https://europeancoffeetrip.com/cafe/doubleshot-budapest/","cafe","Pozsonyi út 16, 1137 , Budapest, Hungary",47.515934005,19.049750492
"ect_408","Budapest","Budapest Baristas","https://europeancoffeetrip.com/cafe/budapestbaristas-budapest/","cafe","Múzeum krt. 15, 1088 , Budapest, Hungary",47.492176378,19.060887694
"ect_409","Budapest","My Green Cup","https://europeancoffeetrip.com/cafe/mygreencup-budapest/","cafe","Pozsonyi ùt 15., 1137 , Budapest, Hungary",47.515331217,19.049525857
"ect_410","Budapest","Tamp & Pull Espresso Bar","https://europeancoffeetrip.com/cafe/tampandpull2-budapest/","cafe","Váci út 85, 1139 , Budapest, Hungary",47.4878734,19.0572764
"ect_411","Vienna","Jonas Reindl","https://europeancoffeetrip.com/cafe/jonasreindl-vienna/","cafe","Währinger Str. 2-4, 1090 , Vienna, Austria",48.214962509,16.361733824
"ect_412","Vienna","Kaffemik","https://europeancoffeetrip.com/cafe/kaffemik-vienna/","cafe","Zollergasse 5, 1070 , Vienna, Austria",48.19915446,16.350968778
"ect_413","Vienna","Kaffeemodul","https://europeancoffeetrip.com/cafe/kaffeemodul-vienna/","cafe","Josefstädter Straße 35, 1080 , Vienna, Austria",48.209606712,16.34848237
"ect_414","Vienna","Kaffeefabrik","https://europeancoffeetrip.com/cafe/kaffeefabrik-vienna/","cafe","Favoritenstrasse 4-6, 1040 , Vienna, Austria",48.195991729,16.368421912
"ect_415","Vienna","CaffeCouture (District 1)","https://europeancoffeetrip.com/cafe/caffecoutured1-vienna/","cafe","Freyung 2, Palais Ferstel Passage, 1010 , Vienna, Austria",48.21118232,16.365601569
"ect_416","Vienna","CaffeCouture","https://europeancoffeetrip.com/cafe/caffecouture-vienna/","cafe","Garnisongasse 18, 1090 , Vienna, Austria",48.2171989,16.3565307
"ect_417","Vienna","Balthasar Kaffee Bar","https://europeancoffeetrip.com/cafe/BalthasarKaffeeBar-vienna/","cafe","Praterstraße 38, 1020 , Vienna, Austria",48.2148778,16.3852945
"ect_418","Vienna","POC People on Caffeine","https://europeancoffeetrip.com/cafe/poccafe-vienna/","cafe","Schlösselgasse 21, 1080 , Vienna, Austria",48.214580928,16.352936178
"ect_419","Istanbul","Rafine Espresso Bar","https://europeancoffeetrip.com/cafe/rafineespressobar-istanbul/","cafe","Caferağa Mahallesi, Moda Cd. No:97, 34710 , Istanbul, Turkey",40.986571822,29.025658965
"ect_420","Istanbul","Petra Coffee","https://europeancoffeetrip.com/cafe/petracoffee-istanbul/","cafe","Hoşsohbet Sok. Panorama Selenium Residence, 34349 , Istanbul, Turkey",41.062116,29.009512
"ect_421","Istanbul","Norm Coffee","https://europeancoffeetrip.com/cafe/normcoffee-istanbul/","cafe","Güneşli Sk. No:39/A Cihangir, 34433 , Istanbul, Turkey",41.031989452,28.985326588
"ect_422","Istanbul","Montag Coffee","https://europeancoffeetrip.com/cafe/montagcoffee-istanbul/","cafe","Caferağa Mahallesi, Muvakkıthane Cd. No:28, 34710 , Istanbul, Turkey",40.990070413,29.024197161
"ect_423","Istanbul","Kronotrop","https://europeancoffeetrip.com/cafe/kronotrop-istanbul/","cafe","Kuloğlu Mh., Firuzağa Cami Sokak 2/B, 34433 , Istanbul, Turkey",41.031431523,28.982379511
"ect_424","Istanbul","Coffee Sapiens","https://europeancoffeetrip.com/cafe/coffeesapiens-istanbul/","cafe","Kemankeş Karamustafa Paşa Mahallesi, Kılıç Ali Paşa Mescidi Sk. No:7, 34425 , Istanbul, Turkey",41.025768504,28.981277794
"ect_425","Istanbul","Coffee Department","https://europeancoffeetrip.com/cafe/coffeedepartment-istanbul/","cafe","Ayvansaray Mahallesi, Kürkçü Çeşmesi Sk. No:5, 34087 , Istanbul, Turkey",41.032925225,28.945780098
"ect_426","Istanbul","Coffee Brew Lab","https://europeancoffeetrip.com/cafe/CoffeeBrewLab-istanbul/","cafe","Kuloğlu Mahallesi, Yeni Çarşı Cad. 5/B, Beyoğlu/İstanbul, Turkey, 34433 , Istanbul, Turkey",41.0321,28.978345
"ect_427","Lviv","Svit Kavy Roastery","https://europeancoffeetrip.com/cafe/svitkavyroastery-lviv/","cafe","st. Kulparkivska, 59, 46101 , Lviv, Ukraine",49.827075972,23.990331888
"ect_428","Lviv","Svit Kavy Café","https://europeancoffeetrip.com/cafe/svitkavycafe-lviv/","cafe","Katedralna square 6, 46101 , Lviv, Ukraine",49.8403621,24.0307335
"ect_429","Lviv","Chehovych","https://europeancoffeetrip.com/cafe/chechovyh-lviv/","cafe","ul. Heroyiv UPA 72, 79060 , Lviv, Ukraine",49.831588342,23.99763
"ect_430","Lviv","Black Wood","https://europeancoffeetrip.com/cafe/BlackWood-lviv/","cafe","vul.Lesi Ukrainky , 21, Lviv, 79000 , Lviv, Ukraine",49.842664,24.031621
"ect_431","Lviv","Alternative Coffee","https://europeancoffeetrip.com/cafe/AlternativeCoffee-lviv/","cafe","Petra Doroshenka 45, Lviv, Ukraine, Lviv, Ukraine",49.836974,24.021987
"ect_432","Lviv","Black Honey","https://europeancoffeetrip.com/cafe/Blackhoney-lviv/","cafe","Tadeusha Kostyushka Street, 2, L'viv, Lviv Oblast, Ukraine,, 79000 , Lviv, Ukraine",49.839291,24.025295
"ect_433","Copenhagen","Prolog","https://europeancoffeetrip.com/cafe/prolog-copenhagen/","cafe","Hokerboderne 16, 1712 , Copenhagen, Denmark",55.668301,12.557452
"ect_434","Copenhagen","Copenhagen Coffee Lab","https://europeancoffeetrip.com/cafe/copenhagencoffeelab-copenhagen/","cafe","Boldhusgade 6, 1062 , Copenhagen, Denmark",55.677421076,12.581824064
"ect_435","Copenhagen","Atelier September","https://europeancoffeetrip.com/cafe/AtelierSeptember-Copenhagen/","cafe","Gothersgade 30, København K, Denmark, 1123 , Copenhagen, Denmark",55.682168,12.582988
"ect_436","Copenhagen","Kent Kaffe Laboratorium","https://europeancoffeetrip.com/cafe/kentkaffelab-copenhagen/","cafe","Norre Farimagsgade 70, 1364 , Copenhagen, Denmark",55.6845304,12.5681181
"ect_437","Copenhagen","The Coffee Collective Godthåbsvej","https://europeancoffeetrip.com/cafe/coffeecollective-godthabsvej-copenhagen/","cafe","Godthabsvej 34B, 2000 , Copenhagen, Denmark",55.687099032,12.533520162
"ect_438","Copenhagen","Democratic Coffee","https://europeancoffeetrip.com/cafe/democraticcoffee-copenhagen/","cafe","Krystalgade 15, 1172 , Copenhagen, Denmark",55.680835853,12.573471665
"ect_439","Copenhagen","Café Det Vide Hus","https://europeancoffeetrip.com/cafe/detvidehus-copenhagen/","cafe","Gothersgade 113, 1123 , Copenhagen, Denmark",55.68419136,12.574646473
"ect_440","Copenhagen","The Coffee Collective Jægersborggade","https://europeancoffeetrip.com/cafe/thecoffeecollective2-copenhagen/","cafe","Jægersborggade 10, 2200 , Copenhagen, Denmark",55.69214574,12.544983923
"ect_441","Copenhagen","The Coffee Collective Torvehallerne","https://europeancoffeetrip.com/cafe/thecoffeecollective3-copenhagen/","cafe","Vendersgade 6D, 1363 , Copenhagen, Denmark",55.683581977,12.569429576
"ect_442","Oslo","Tim Wendelboe","https://europeancoffeetrip.com/cafe/timwendelboe-oslo/","cafe","Grüners gate 1A, 0552 , Oslo, Norway",59.923371229,10.755699724
"ect_443","Oslo","Supreme Roastworks","https://europeancoffeetrip.com/cafe/supremeroastworks-oslo/","cafe","Thorvald Meyers gate 18A, 0474 , Oslo, Norway",59.927998349,10.759284496
"ect_444","Oslo","Stockfleths Lillegrensen","https://europeancoffeetrip.com/cafe/stockflethslillegrensen-oslo/","cafe","Karl Johans gate 25, 0159 , Oslo, Norway",59.913665286,10.741270781
"ect_445","Oslo","Java Espressobar","https://europeancoffeetrip.com/cafe/javaespressobar-oslo/","cafe","Ullevalsveien 47, 0171 , Oslo, Norway",59.924285951,10.739645362
"ect_446","Oslo","Fuglen","https://europeancoffeetrip.com/cafe/fuglen-oslo/","cafe","Universitetsgata 2, 0164 , Oslo, Norway",59.916962089,10.740251541
"ect_447","Oslo","Norð Brenneri","https://europeancoffeetrip.com/cafe/nordbrenneri-oslo/","cafe","Tvetenveien 162, 0671 , Oslo, Norway",59.915214,10.846467
"ect_448","Bergen","Bergen Kaffebrenneri","https://europeancoffeetrip.com/cafe/Bergenkaffebrenneri-bergen/","cafe","Thormøhlens Gate 45, Bergen, Norway, 5006 , Bergen, Norway",60.382691,5.325655
"ect_449","Bergen","Blom","https://europeancoffeetrip.com/cafe/Blom-bergen/","cafe","John Lunds plass 1, Bergen, Norway, 5015 , Bergen, Norway",60.38814,5.324129
"ect_450","Bergen","Bastant","https://europeancoffeetrip.com/cafe/bastant-bergen/","cafe","Stolegaten 8A, 5003 , Bergen, Norway",60.3996028,5.3254643
"ect_451","Bergen","Kaffemisjonen","https://europeancoffeetrip.com/cafe/kaffemisjonen-bergen/","cafe","Ovre Korskirkeallmenning 5, 5017 , Bergen, Norway",60.3950344,5.3292422
"ect_452","Bergen","Det lille Kaffekompaniet","https://europeancoffeetrip.com/cafe/detlillekaffekompaniet-bergen/","cafe","Nedre Fjellsmauet 2, 5018 , Bergen, Norway",60.3964192,5.3290741
"ect_453","Zurich","Neue Milchbar","https://europeancoffeetrip.com/cafe/neuemilchbar-zurich/","cafe","Kappelergasse 16, 8001 , Zurich, Switzerland",47.3690371,8.5402131
"ect_454","Zurich","MAME","https://europeancoffeetrip.com/cafe/mame-zurich/","cafe","Josefstrasse 160, 8005 , Zurich, Switzerland",47.3849639,8.5273789
"ect_455","Zurich","COFFEE","https://europeancoffeetrip.com/cafe/coffee-zurich/","cafe","Grüngasse 4, 8004 , Zurich, Switzerland",47.3726599,8.5263049
"ect_456","Zurich","Grande Café & Bar","https://europeancoffeetrip.com/cafe/grandecafe-zurich/","cafe","Limmatquai 118, 8001 , Zurich, Switzerland",47.3754097,8.5436304
"ect_457","Zurich","Henrici","https://europeancoffeetrip.com/cafe/henrici-zurich/","cafe","Niederdorfstrasse 1, 8001 , Zurich, Switzerland",47.3726803,8.5436701
"ect_458","Zurich","Bovelli","https://europeancoffeetrip.com/cafe/Bovelli-Zurich/","cafe","Sihlstrasse 20, Zürich, Switzerland, 8001 , Zurich, Switzerland",47.373528,8.536929
"ect_459","Dublin","3fe","https://europeancoffeetrip.com/cafe/3fe-dublin/","cafe","32 Grand Canal Street Lower, Dublin 2, Ireland, Dublin, Ireland",53.339959,-6.241968
"ect_460","Dublin","First Draft Coffee","https://europeancoffeetrip.com/cafe/firstdraftcoffee-dublin/","cafe","1st Floor, Filmbase, Curved St, Temple Bar, Dublin, Ireland",53.344873,-6.26454
"ect_461","Tallinn","Nohik","https://europeancoffeetrip.com/cafe/nohik-tallinn/","cafe","Ehitajate tee 5, 12616 , Tallinn, Estonia",59.393839,24.6697451
"ect_462","Tallinn","Björn Espresso Bar","https://europeancoffeetrip.com/cafe/BjornEspressoBar-tallinn/","cafe","Maakri 28, Tallinn, Estonia, 10145 , Tallinn, Estonia",59.432988,24.759249
"ect_463","Tallinn","Gourmet Coffee Kadriorg","https://europeancoffeetrip.com/cafe/gourmetcoffee-tallinn/","cafe","L.Koidula 13A, 10150 , Tallinn, Estonia",59.4378543,24.7828243
"ect_464","Tallinn","The Living Room","https://europeancoffeetrip.com/cafe/thelivingroom-tallinn/","cafe","Pärnu Maantee 9, 10141 , Tallinn, Estonia",59.4342407,24.7473483
"ect_465","Tallinn","Gourmet Coffee City","https://europeancoffeetrip.com/cafe/gourmetcoffeecity-tallinn/","cafe","Pärnu maantee 15, 10141 , Tallinn, Estonia",59.4323485,24.7460961
"ect_466","Tallinn","Renard Coffee Shop","https://europeancoffeetrip.com/cafe/renardcoffeeshop-tallinn/","cafe","Telliskivi 64, 10412 , Tallinn, Estonia",59.440748314,24.731351137
"ect_467","Riga","Miera","https://europeancoffeetrip.com/cafe/miera-riga/","cafe","Miera iela 9, Riga, LV-1001 , Riga, Latvia",56.961326883,24.129820168
"ect_468","Riga","Mute","https://europeancoffeetrip.com/cafe/mute-riga/","cafe","Terbatas iela 63, LV-1001 , Riga, Latvia",56.95790628,24.13049072
"ect_469","Riga","Miit Tiim","https://europeancoffeetrip.com/cafe/Miit-riga/","cafe","Lacplesa 10, LV-1010 , Riga, Latvia",56.9566728,24.1204677
"ect_470","Riga","Cafe Dali","https://europeancoffeetrip.com/cafe/cafedali-riga/","cafe","Maskavas iela 12 k-1, LV-1050 , Riga, Latvia",56.9417147,24.1170557
"ect_471","Riga","Rocket Bean Roastery","https://europeancoffeetrip.com/cafe/rocketbean-riga/","cafe","Miera iela 29/31, LV-1001 , Riga, Latvia",56.963874216,24.131963253
"ect_472","Riga","Cascara","https://europeancoffeetrip.com/cafe/cascara-riga/","cafe","Baznicas iela 13, LV-1010 , Riga, Latvia",56.9565811,24.1184835
"ect_473","Vilnius","TASTE MAP","https://europeancoffeetrip.com/cafe/tastemap-vilnius/","cafe","M.K.Čiurlionio g. 8, 03104 , Vilnius, Lithuania",54.682247016,25.265360177
"ect_474","Vilnius","StrangeLove","https://europeancoffeetrip.com/cafe/strabgelove-vilnius/","cafe","Barboros Radvilaites g. 6B, 01124 , Vilnius, Lithuania",54.6850818,25.293579
"ect_475","Vilnius","Crooked Nose & Coffee Stories","https://europeancoffeetrip.com/cafe/cnacs-vilnius/","cafe","Šaltiniu g. 20, 03213 , Vilnius, Lithuania",54.675443906,25.277086794
"ect_476","Vilnius","Huracan Coffee","https://europeancoffeetrip.com/cafe/huracancoffee-vilnius/","cafe","Vokieciu g. 15, 01130 , Vilnius, Lithuania",54.680404845,25.283277333
"ect_477","Vilnius","TASTE MAP","https://europeancoffeetrip.com/cafe/tastemap2-vilnius/","cafe","Gyneju g. 14C, LT-01109 , Vilnius, Lithuania",54.6932861,25.2646681
